city,image,name,location,coordinates,identifier,type,description,rating,sponsored,history,schedule
Agadir,https://upload.wikimedia.org/wikipedia/commons/thumb/a/af/Agadir_ruines_Kasbah_0001.JPG/200px-Agadir_ruines_Kasbah_0001.JPG,Kasbah of Agadir,Agadir,"30°25'45.8""N, 9°37'27.1""W",pc_architecture/sanae:190005,Monument,,,False,,
Agadir,,Aghzdisse lighthouse,Agadir,"30°25'47.384""N, 9°38'7.876""W",pc_architecture/sanae:350016,Monument,,,False,,
Agadir,,Al Amrou Madrasa,Agadir,"30°31'0.977""N, 9°35'14.060""W",pc_architecture/sanae:270029,Monument,,,False,,
Agadir,https://upload.wikimedia.org/wikipedia/commons/thumb/a/af/Agadir_ruines_Kasbah_0001.JPG/200px-Agadir_ruines_Kasbah_0001.JPG,Kasbah of Agadir,Agadir,"30°25'45.8""N, 9°37'27.1""W",pc_architecture/sanae:190005,Monument,,,False,,
Agadir,,Ibn Zidoun Garden,Agadir,"30°25'7.057""N, 9°35'37.320""W",pc_architecture/sanae:180117,Monument,,,False,,
Agadir,https://upload.wikimedia.org/wikipedia/commons/thumb/4/48/Agadir_28.01.2011_15-29-21.JPG/200px-Agadir_28.01.2011_15-29-21.JPG,Olhão Garden,Agadir,"30°25'27.268""N, 9°35'49.304""W",pc_architecture/sanae:180116,Monument,,,False,,
Asilah,https://upload.wikimedia.org/wikipedia/commons/thumb/4/48/Muralha_de_Arzila_2.jpg/200px-Muralha_de_Arzila_2.jpg,Ribat Arzila,Asilah,"35°27'57.917""N, 6°2'15.936""W",pc_architecture/sanae:420003,Monument,,,False,,
Asilah,https://upload.wikimedia.org/wikipedia/commons/thumb/6/61/Asilah_Old_Tower.jpg/200px-Asilah_Old_Tower.jpg,Medina of Asilah,Asilah,"35°27'54.918""N, 6°2'23.842""W",pc_architecture/sanae:410030,Monument,,,False,,
Asilah,,Bab Homar,Asilah,"35°27'54.014""N, 6°2'16.436""W",pc_architecture/sanae:390077,Monument,,,False,,
Azilal,https://upload.wikimedia.org/wikipedia/commons/thumb/1/14/Cascades_d%27ouzoud_maroc_01.jpg/200px-Cascades_d%27ouzoud_maroc_01.jpg,Ouzoud Falls,Ouzoud,"32°0'55""N, 6°43'8""W",pc_architecture/sanae:060003,Monument,,,False,,
Azilal,https://upload.wikimedia.org/wikipedia/commons/thumb/d/dc/Site_d%27iminifri_Demnate.jpg/200px-Site_d%27iminifri_Demnate.jpg,Iminifri Cave,Azilal Province,"31°43'27.509""N, 6°58'18.296""W",pc_architecture/sanae:160003,Monument,,,False,,
Azilal,,Natural bridge Iminifri,Azilal Province,"31°43'29.431""N, 6°58'16.792""W",pc_architecture/sanae:380029,Monument,,,False,,
Azilal,,Kasba Ait Rba,Kasba Tadla,"32°35'10.536""N, 6°15'59.292""W",pc_architecture/sanae:190009,Monument,,,False,,
Azilal,,Oum Rebia Bridge,Azilal Province,"32°39'42.462""N, 5°55'33.204""W",pc_architecture/sanae:380001,Monument,,,False,,
Casablanca,https://upload.wikimedia.org/wikipedia/commons/thumb/f/f1/Cath%C3%A9drale_Casablanca.jpg/200px-Cath%C3%A9drale_Casablanca.jpg,Casablanca Cathedral,Casablanca,"33°35'28""N, 7°37'28""W",pc_architecture/sanae:100015,Monument,,,False,,
Casablanca,https://upload.wikimedia.org/wikipedia/commons/thumb/a/a7/Casablanca_Lighthouse.jpg/200px-Casablanca_Lighthouse.jpg,El Hank Lighthouse,Casablanca,"33°36'35.71""N, 7°39'16.81""W",pc_architecture/sanae:350011,Monument,,,False,,
Casablanca,,Notre-Dame-de-Lourdes Church,Casablanca,"33°34'57.5""N, 7°36'56.8""W",pc_architecture/sanae:100038,Monument,,,False,,
Casablanca,https://upload.wikimedia.org/wikipedia/commons/thumb/e/e6/Parc_de_la_Ligue_Arabe_Avenue.JPG/200px-Parc_de_la_Ligue_Arabe_Avenue.JPG,Arab League Park of Casablanca,Casablanca,"33°35'15.846""N, 7°37'28.668""W",pc_architecture/sanae:180036,Monument,,,False,,
Casablanca,https://upload.wikimedia.org/wikipedia/commons/thumb/b/b4/%D8%B5%D9%88%D8%B1%D8%A9_%D9%84%D8%AD%D8%AF%D9%8A%D9%82%D8%A9_%D9%81%D9%8A_%D8%A7%D9%84%D9%85%D8%BA%D8%B1%D8%A8.JPG/200px-%D8%B5%D9%88%D8%B1%D8%A9_%D9%84%D8%AD%D8%AF%D9%8A%D9%82%D8%A9_%D9%81%D9%8A_%D8%A7%D9%84%D9%85%D8%BA%D8%B1%D8%A8.JPG,Isesco Park,Casablanca,"33°34'45.988""N, 7°36'47.722""W",pc_architecture/sanae:180084,Monument,,,False,,
Casablanca,,Enclosure of Sour Jdid,Casablanca,"33°36'16.319""N, 7°37'56.658""W",pc_architecture/sanae:410025,Monument,,,False,,
Casablanca,,Hermitage Park,Casablanca,"33°33'51.394""N, 7°36'48.316""W",pc_architecture/sanae:180078,Monument,,,False,,
Casablanca,,Sindibad Park,Casablanca,"33°34'56.442""N, 7°41'39.890""W",pc_architecture/sanae:180079,Monument,,,False,,
Casablanca,https://upload.wikimedia.org/wikipedia/commons/thumb/0/0b/Vue_de_la_Casbah_de_Mansouria_%28Maroc%29.jpg/200px-Vue_de_la_Casbah_de_Mansouria_%28Maroc%29.jpg,Kasbah Mansouria,El Mansouria,"33°45'4.352""N, 7°17'37.421""W",pc_architecture/sanae:190047,Monument,,,False,,
Chefchaouen,,El-Makhzen Square,Chefchaouen,"35°10'8.432""N, 5°15'38.758""W",pc_architecture/sanae:360010,Monument,,,False,,
Chefchaouen,,Kaf Moulay Abdelkader,Chefchaouen,,pc_architecture/sanae:160116,Monument,,,False,,
Chefchaouen,,Cimetery Sidi Abdelhamid,Chefchaouen,"35°10'27.872""N, 5°15'53.528""W",pc_architecture/sanae:260614,Monument,,,False,,
Chefchaouen,https://upload.wikimedia.org/wikipedia/commons/thumb/8/81/Chefchaouen%2C_Morocco_%285410162000%29_%284%29.jpg/200px-Chefchaouen%2C_Morocco_%285410162000%29_%284%29.jpg,Chefchaouen Church,Chefchaouen,"35°10'9.696""N, 5°16'6.625""W",pc_architecture/sanae:100025,Monument,,,False,,
Chefchaouen,https://upload.wikimedia.org/wikipedia/commons/thumb/8/80/Exterior_kasbah_hist%C3%B3rica_de_Chefchauen.jpg/200px-Exterior_kasbah_hist%C3%B3rica_de_Chefchauen.jpg,Kasbah of Chefchaouen,Chefchaouen,"35°10'7.219""N, 5°15'41.425""W",pc_architecture/sanae:190029,Monument,,,False,,
El Hajeb,,Rempart of El Hajeb Kasbah,El Hajeb,"33°41'14.575""N, 5°22'17.486""W",pc_architecture/sanae:410035,Monument,,,False,,
El Hajeb,,Borj Kasbah (El Hajeb),El Hajeb,"33°41'14.575""N, 5°22'17.486""W",pc_architecture/sanae:050018,Monument,,,False,,
El Hajeb,https://upload.wikimedia.org/wikipedia/commons/thumb/9/98/El_Hajeb_Kasbah_depuis_Cantina.jpg/200px-El_Hajeb_Kasbah_depuis_Cantina.jpg,El Hajeb Kasbah,El Hajeb,"33°41'14.575""N, 5°22'17.486""W",pc_architecture/sanae:190008,Monument,,,False,,
El Hajeb,,Gate of El Hajeb Kasbah,El Hajeb,"33°41'14.575""N, 5°22'17.486""W",pc_architecture/sanae:390055,Monument,,,False,,
El Jadida,https://upload.wikimedia.org/wikipedia/commons/thumb/2/2e/Sidi_Bou_Afi_8BCV1513.jpg/200px-Sidi_Bou_Afi_8BCV1513.jpg,Sidi Bou Afi Lighthouse,El Jadida,"33°15'1""N, 8°31'1""W",pc_architecture/sanae:350019,Monument,,,False,,
El Jadida,https://upload.wikimedia.org/wikipedia/commons/thumb/d/de/Forteresse_Jadida_03.JPG/200px-Forteresse_Jadida_03.JPG,Mazagan,El Jadida,"33°15'23.62""N, 8°30'8.91""W",pc_architecture/sanae:410019,Monument,,,False,,
El Jadida,https://upload.wikimedia.org/wikipedia/commons/thumb/e/ee/La_Citerne_portugaise.jpg/200px-La_Citerne_portugaise.jpg,Portuguese cistern,El Jadida,"33°15'24.239""N, 8°30'9.857""W",pc_architecture/sanae:070004,Monument,,,False,,
El Jadida,,Church of Our Lady of Light,El Jadida,,pc_architecture/sanae:100002,Monument,,,False,,
El Jadida,https://upload.wikimedia.org/wikipedia/commons/thumb/3/36/Notre-Dame-de-l%27AssomptionJadida.jpg/200px-Notre-Dame-de-l%27AssomptionJadida.jpg,Church of Saint-Bernard,El Jadida,"33°14'47.7""N, 8°30'26.2""W",pc_architecture/sanae:100001,Monument,,,False,,
El Jadida,,Saint Sebastian Church,El Jadida,,pc_architecture/sanae:100003,Monument,,,False,,
El Jadida,https://upload.wikimedia.org/wikipedia/commons/thumb/c/c8/Mazagan_%28El_Jadida%29.jpg/200px-Mazagan_%28El_Jadida%29.jpg,Medina of El Jadida,El Jadida Province,"33°15'35.899""N, 8°30'34.474""W",pc_architecture/sanae:280020,Monument,,,False,,
El Jadida,,Moulay Abdallah Minaret,El Jadida,"33°11'52.660""N, 8°35'21.095""W",pc_architecture/sanae:290003,Monument,,,False,,
El Jadida,,Tit old minaret,El Jadida,"33°15'4.316""N, 8°30'5.566""W",pc_architecture/sanae:290004,Monument,,,False,,
El Jadida,,Saint Anthony Bastion,El Jadida,"33°15'25.556""N, 8°30'15.880""W",pc_architecture/sanae:050020,Monument,,,False,,
El Jadida,,Ancient Portuguese citadel,El Jadida,"33°15'24.282""N, 8°30'8.525""W",pc_architecture/sanae:070003,Monument,,,False,,
El Jadida,,Bastion of the Angel,El Jadida,"33°15'21.5374""N, 8°30'1.3561""W",pc_architecture/sanae:050021,Monument,,,False,,
El Jadida,,Door of the oxen,El Jadida,"33°15'7.049""N, 8°30'6.430""W",pc_architecture/sanae:390053,Monument,,,False,,
El Jadida,,Main Door of El Jadida,El Jadida,"33°15'1.127""N, 8°31'0.307""W",pc_architecture/sanae:390054,Monument,,,False,,
El Jadida,,Ribat Tit,El Jadida,"33°15'4.180""N, 8°30'5.670""W",pc_architecture/sanae:420001,Monument,,,False,,
El Jadida,https://upload.wikimedia.org/wikipedia/commons/thumb/e/eb/Kasbah_of_El_Jadida_-_panoramio_%281%29.jpg/200px-Kasbah_of_El_Jadida_-_panoramio_%281%29.jpg,Bastion of Holy Spirit,El Jadida,"33°15'19.897""N, 8°30'11.804""W",pc_architecture/sanae:050022,Monument,,,False,,
El Jadida,https://upload.wikimedia.org/wikipedia/commons/thumb/0/06/Tchapele_sidi_smayil.jpg/200px-Tchapele_sidi_smayil.jpg,Sidi Smail,El Jadida Province,"32°49'N, 8°30'W",pc_architecture/sanae:260263,Monument,,,False,,
El Jadida,https://upload.wikimedia.org/wikipedia/commons/thumb/9/9f/Kasbah_of_Boulaouane_64.jpg/200px-Kasbah_of_Boulaouane_64.jpg,Kasbah Boulaouane,Boulaouane,"32°51'24.721""N, 8°1'13.451""W",pc_architecture/sanae:190061,Monument,,,False,,
El Jadida,,Enclosure of Kasba Boulaouane,Boulaouane,"32°51'24.721""N, 8°1'13.451""W",pc_architecture/sanae:410053,Monument,,,False,,
El Jadida,,Walls of Boulaouane Kasbah,Boulaouane,"32°51'24.001""N, 8°1'11.510""W",pc_architecture/sanae:190007,Monument,,,False,,
El Jadida,,Oualidia Kasbah,Oualidia,"32°44'28.097""N, 9°1'20.899""W",pc_architecture/sanae:190013,Monument,,,False,,
El Jadida,https://upload.wikimedia.org/wikipedia/commons/thumb/d/da/Azzemour%2Cwall.jpg/200px-Azzemour%2Cwall.jpg,Kasbah Dar Baroud,Azemmour,"33°17'33.929""N, 8°20'28.658""W",pc_architecture/sanae:190052,Monument,,,False,,
El Jadida,,Sidi Ali,Azemmour,,pc_architecture/sanae:260282,Monument,,,False,,
El Jadida,,Medina of Azemmour,Azemmour,"33°17'28.108""N, 8°20'30.538""W",pc_architecture/sanae:280016,Monument,,,False,,
Errachidia,,Ksar of Asrir,Chorfa M'Daghra,"31°53'28""N, 4°22'20""W",pc_architecture/sanae:220032,Monument,,,False,,
Errachidia,,Ksar of El Maadid,Aarab Sebbah Ziz,"31°28'0.188""N, 4°12'55.033""W",pc_architecture/sanae:220035,Monument,,,False,,
Errachidia,,Ksar of Sidi Bou Abdellah,Chorfa M'Daghra,"31°54'0""N, 4°23'0""W",pc_architecture/sanae:220020,Monument,,,False,,
Errachidia,,Ksar of Tabouassamt,Es-Sfalat,"31°14'22.078""N, 4°16'29.273""W",pc_architecture/sanae:220042,Monument,,,False,,
Essaouira,https://upload.wikimedia.org/wikipedia/commons/thumb/c/c4/Essaouira_118.JPG/200px-Essaouira_118.JPG,Port of Essaouira,Essaouira,"31°30'36""N, 9°46'12""W",pc_architecture/idpcm:13F11,Monument,,,False,,
Essaouira,https://upload.wikimedia.org/wikipedia/commons/thumb/b/be/Essaouira%2C_Morocco_-_panoramio_%2838%29.jpg/200px-Essaouira%2C_Morocco_-_panoramio_%2838%29.jpg,Kasbah Mosque,Essaouira,"31°30'45.5""N, 9°46'17.5""W",pc_architecture/idpcm:B2C573,Monument,,,False,,
Essaouira,https://upload.wikimedia.org/wikipedia/commons/thumb/f/f5/Bab_Doukkala.jpg/200px-Bab_Doukkala.jpg,Bab Doukkala (Essaouira),Essaouira,"31°30'57.953""N, 9°45'56.714""W",pc_architecture/idpcm:375F6,Monument,,,False,,
Essaouira,https://upload.wikimedia.org/wikipedia/commons/thumb/c/c9/Bab_Marrakech_1919.jpg/200px-Bab_Marrakech_1919.jpg,Bab Marrakech (Essaouira),Essaouira,"31°30'42.901""N, 9°45'55.138""W",pc_architecture/idpcm:76F07,Monument,,,False,,
Essaouira,https://upload.wikimedia.org/wikipedia/commons/thumb/e/e1/Essaouira%2C_Morocco_%288141904173%29.jpg/200px-Essaouira%2C_Morocco_%288141904173%29.jpg,Bab el-Marsa,Essaouira,"31°30'36.068""N, 9°46'24.859""W",pc_architecture/sanae:390057,Monument,,,False,,
Essaouira,https://upload.wikimedia.org/wikipedia/commons/thumb/c/c8/Bab_El_Menzeh%2C_Essaouira_medina_%282901933968%29.jpg/200px-Bab_El_Menzeh%2C_Essaouira_medina_%282901933968%29.jpg,Bab el-Menzeh,Essaouira,"31°30'42.901""N, 9°45'55.138""W",pc_architecture/idpcm:A234DD,Monument,,,False,,
Essaouira,https://upload.wikimedia.org/wikipedia/commons/thumb/4/49/Bab_Sba%2C_door_to_the_medina_%282901086603%29.jpg/200px-Bab_Sba%2C_door_to_the_medina_%282901086603%29.jpg,Bab Sebaa,Essaouira,"31°30'40.846""N, 9°46'11.240""W",pc_architecture/idpcm:134D6,Monument,,,False,,
Essaouira,https://upload.wikimedia.org/wikipedia/commons/thumb/c/c7/Skala_de_Ville.jpg/200px-Skala_de_Ville.jpg,Sqala of Kasbah,Essaouira,"31°30'55.346""N, 9°46'19.722""W",pc_architecture/sanae:050036,Monument,,,False,,
Essaouira,https://upload.wikimedia.org/wikipedia/commons/thumb/e/e3/Skala_du_Port_%28js%29.jpg/200px-Skala_du_Port_%28js%29.jpg,Sqala of the port,Essaouira,"31°30'35.892""N, 9°46'27.775""W",pc_architecture/sanae:050038,Monument,,,False,,
Essaouira,https://upload.wikimedia.org/wikipedia/commons/thumb/a/a3/Essaouira_le_matin_-_panoramio_%2845%29.jpg/200px-Essaouira_le_matin_-_panoramio_%2845%29.jpg,Sidi Mohammed ben Abdallah Museum,Essaouira,"31°31'1""N, 9°46'5""W",pc_architecture/idpcm:D1511,Monument,,,False,,
Essaouira,https://upload.wikimedia.org/wikipedia/commons/thumb/9/9f/Bordj_el_Berod.jpg/200px-Bordj_el_Berod.jpg,Borj Al Baroud,Essaouira,"31°29'20.44""N, 9°46'32.25""W",pc_architecture/sanae:070012,Monument,,,False,,
Essaouira,https://upload.wikimedia.org/wikipedia/commons/thumb/3/3c/Chaim_Pinto_Synagogue.jpg/200px-Chaim_Pinto_Synagogue.jpg,Chaim Pinto Synagogue,Essaouira,"31°30'57.431""N, 9°46'2.381""W",pc_architecture/idpcm:6DEC2A,Monument,,,False,,
Essaouira,https://upload.wikimedia.org/wikipedia/commons/thumb/8/86/Bayt_Dakira_Essaouira_07.jpg/200px-Bayt_Dakira_Essaouira_07.jpg,Simon Attias Synagogue,Essaouira,"31°30'56.585""N, 9°46'4.804""W",pc_architecture/idpcm:142124,Monument,,,False,,
Essaouira,https://upload.wikimedia.org/wikipedia/commons/thumb/d/d4/At_the_Beach_in_Essaouira_%284263501838%29.jpg/200px-At_the_Beach_in_Essaouira_%284263501838%29.jpg,Essaouira Ramparts,Essaouira,"31°30'51.10""N, 9°46'18.08""W",pc_architecture/sanae:410008,Monument,,,False,,
Essaouira,https://upload.wikimedia.org/wikipedia/commons/thumb/7/78/Cimeti%C3%A8re_Chr%C3%A9tien_Marin_Essaouira_0001_18.jpg/200px-Cimeti%C3%A8re_Chr%C3%A9tien_Marin_Essaouira_0001_18.jpg,"Christian cemetery, Essaouira",Essaouira,"31°31'4.310""N, 9°45'51.462""W",pc_architecture/idpcm:B2AB8F,Monument,,,False,,
Essaouira,,Neighborhood Chbanat-Bouakher,Essaouira,,pc_architecture/idpcm:05FA2C,Monument,,,False,,
Essaouira,,Chbanate Mosque,Essaouira,"31°30'47.80627""N, 9°45'54.84726""W",pc_architecture/idpcm:2A8C56,Monument,,,False,,
Essaouira,,Touahen house,Essaouira,,pc_architecture/idpcm:8051E7,Monument,,,False,,
Essaouira,https://upload.wikimedia.org/wikipedia/commons/thumb/f/f1/Essaouira%2C_Morocco_-_panoramio_%28143%29.jpg/200px-Essaouira%2C_Morocco_-_panoramio_%28143%29.jpg,Borj El Barmil,Essaouira,"31°30'35.100""N, 9°46'28.711""W",pc_architecture/idpcm:D1427B,Monument,,,False,,
Essaouira,https://upload.wikimedia.org/wikipedia/commons/thumb/b/b4/MellahEssaouira.jpg/200px-MellahEssaouira.jpg,Mellah (Essaouira),Essaouira,"31°30'56.952""N, 9°46'2.608""W",pc_architecture/idpcm:D38D,Monument,,,False,,
Essaouira,,Bab Labhar,Essaouira,"31°30'54.97""N, 9°46'15.67""W",pc_architecture/idpcm:A7849E,Monument,,,False,,
Essaouira,,Northern Bastion Nord of Essaouira,Essaouira,"31°30'56.480""N, 9°46'16.662""W",pc_architecture/sanae:050035,Monument,,,False,,
Essaouira,,Southern Bastion of Essaouira,Essaouira,"31°30'37.285""N, 9°46'26.666""W",pc_architecture/sanae:050037,Monument,,,False,,
Essaouira,,"Old Danish Consulate, Essaouira",Essaouira,,pc_architecture/idpcm:4F398B,Monument,,,False,,
Essaouira,https://upload.wikimedia.org/wikipedia/commons/thumb/3/3b/Ramparts_of_Essaouira.JPG/200px-Ramparts_of_Essaouira.JPG,Essaouira,Essaouira Province,"31°30'46.883""N, 9°46'7.306""W",pc_archeologie/idpcm:FFC5C2,Monument,,,False,,
Essaouira,https://upload.wikimedia.org/wikipedia/commons/thumb/8/89/Imesouane_beach_2019.jpg/200px-Imesouane_beach_2019.jpg,Imsouane Bay,Imsouane,"30°50'N, 9°49'W",pc_architecture/sanae:450003,Monument,,,False,,
Fez,https://upload.wikimedia.org/wikipedia/commons/thumb/5/52/Bab_Semmarine_Fez.jpg/200px-Bab_Semmarine_Fez.jpg,Bab el-Semarine,Fez,"34°3'15.01""N, 4°59'24.00""W",pc_architecture/sanae:390038,Monument,,,False,,
Fez,https://upload.wikimedia.org/wikipedia/commons/thumb/8/8d/Fes_-_Kasba_Cherarda.JPG/200px-Fes_-_Kasba_Cherarda.JPG,Kasbah of Cherarda,Fez,"34°3'45.00""N, 4°59'29.00""W",pc_architecture/sanae:190001,Monument,,,False,,
Fez,https://upload.wikimedia.org/wikipedia/commons/thumb/1/1f/Medersa_Mesbahia_-_Medersa_Mos_Bailleur_%28Mesbahia%29_-_F%C3%A8s_-_M%C3%A9diath%C3%A8que_de_l%27architecture_et_du_patrimoine_-_AP62T060690.jpg/200px-Medersa_Mesbahia_-_Medersa_Mos_Bailleur_%28Mesbahia%29_-_F%C3%A8s_-_M%C3%A9diath%C3%A8que_de_l%27architecture_et_du_patrimoine_-_AP62T060690.jpg,Medersa Al Mesbahia,Fez,"34°3'54.7""N, 4°58'23.5""W",pc_architecture/sanae:270004,Monument,,,False,,
Fez,https://upload.wikimedia.org/wikipedia/commons/thumb/1/17/Bab_Hadid.jpg/200px-Bab_Hadid.jpg,Bab Lhadid,Fez,"34°3'28""N, 4°58'37""W",pc_architecture/sanae:390045,Monument,,,False,,
Fez,,Bab lkhokha,Fez,"34°3'38""N, 4°57'59""W",pc_architecture/sanae:390085,Monument,,,False,,
Fez,https://upload.wikimedia.org/wikipedia/commons/thumb/4/43/Fes_-_Palau_Reial_-_Bab_El_Seba_des_N.JPG/200px-Fes_-_Palau_Reial_-_Bab_El_Seba_des_N.JPG,Bab Dekkakin,Fez,"34°3'31.2""N, 4°59'28.9""W",pc_architecture/sanae:390001,Monument,,,False,,
Fez,https://upload.wikimedia.org/wikipedia/commons/thumb/4/4a/Bab_Ftouh.jpg/200px-Bab_Ftouh.jpg,Bab Ftouh,Fez,"34°3'N, 4°59'W",pc_architecture/sanae:390042,Monument,,,False,,
Fez,https://upload.wikimedia.org/wikipedia/commons/thumb/8/83/Bab_mahrouk.jpg/200px-Bab_mahrouk.jpg,Bab Mahrouk,Fez,"34°3'45.382""N, 4°59'8.254""W",pc_architecture/sanae:390046,Monument,,,False,,
Fez,https://upload.wikimedia.org/wikipedia/commons/thumb/a/a3/Place_es_Seffarine_%28588955430%29.jpg/200px-Place_es_Seffarine_%28588955430%29.jpg,Seffarin Madrasa,Fez,"34°3'50.95""N, 4°58'21.26""W",pc_architecture/sanae:270006,Monument,,,False,,
Fez,https://upload.wikimedia.org/wikipedia/commons/thumb/2/22/Fes_-_Bab_Chorfa.JPG/200px-Fes_-_Bab_Chorfa.JPG,Bab Chorfa,Fez,"34°3'43.99""N, 4°59'8.02""W",pc_architecture/sanae:390087,Monument,,,False,,
Fez,https://upload.wikimedia.org/wikipedia/commons/thumb/8/80/Fes_Jdid_gate.jpg/200px-Fes_Jdid_gate.jpg,Bab al-Amer,Fez,"34°3'5.159""N, 4°59'38.900""W",pc_architecture/sanae:390039,Monument,,,False,,
Fez,,Bab El Hamra,Fez,"34°3'37.012""N, 4°58'12.936""W",pc_architecture/sanae:390049,Monument,,,False,,
Fez,https://upload.wikimedia.org/wikipedia/commons/thumb/d/de/Bab_segma.jpg/200px-Bab_segma.jpg,Bab Segma,Fez,"34°3'36""N, 4°59'33""W",pc_architecture/sanae:390047,Monument,,,False,,
Fez,https://upload.wikimedia.org/wikipedia/commons/thumb/8/8f/Fes_-_Gate.jpg/200px-Fes_-_Gate.jpg,Bab Guissa,Fez,"34°4'8.314""N, 4°58'32.844""W",pc_architecture/sanae:390040,Monument,,,False,,
Fez,,Bab Sidi Boujida,Fez,"34°4'4.616""N, 4°58'0.473""W",pc_architecture/sanae:390041,Monument,,,False,,
Fez,https://upload.wikimedia.org/wikipedia/commons/thumb/f/f8/Vue_medina_fes.jpg/200px-Vue_medina_fes.jpg,Medina of Fez,Fez,"34°3'40""N, 4°58'40""W",pc_architecture/sanae:280008,Monument,,,False,,
Fez,https://upload.wikimedia.org/wikipedia/commons/thumb/9/9e/Cherratine_-_main_courtyard_skywards_view.jpg/200px-Cherratine_-_main_courtyard_skywards_view.jpg,Cherratine Madrasa,Fez,"34°3'50.5""N, 4°58'26.0""W",pc_architecture/sanae:270002,Monument,,,False,,
Fez,https://upload.wikimedia.org/wikipedia/commons/thumb/b/b2/29610-Fez_%2828134041211%29_%28Jamai_crop%29.jpg/200px-29610-Fez_%2828134041211%29_%28Jamai_crop%29.jpg,El-Jamai Palace,Fez,"34°4'9""N, 4°58'27""W",pc_architecture/sanae:320060,Monument,,,False,,
Fez,https://upload.wikimedia.org/wikipedia/commons/thumb/5/5d/Fes_Bab_Bou_Jeloud_2011.jpg/200px-Fes_Bab_Bou_Jeloud_2011.jpg,Bab Bou Jeloud,Fez,"34°3'42.091""N, 4°59'2.504""W",pc_architecture/sanae:390002,Monument,,,False,,
Fez,https://upload.wikimedia.org/wikipedia/commons/thumb/b/b9/Kasbah_Cherarda%28js%29.jpg/200px-Kasbah_Cherarda%28js%29.jpg,Borj Nord,Fez,"34°4'1.844""N, 4°59'5.705""W",pc_architecture/sanae:050030,Monument,,,False,,
Fez,https://upload.wikimedia.org/wikipedia/commons/thumb/a/a1/Bou_Inania_Madrasa_2011.jpg/200px-Bou_Inania_Madrasa_2011.jpg,Bou Inania Madrasa,Fez,"34°3'43.949""N, 4°58'57.839""W",pc_architecture/sanae:270005,Monument,,,False,,
Fez,https://upload.wikimedia.org/wikipedia/commons/thumb/f/ff/Batha_Museum_%284317468784%29.jpg/200px-Batha_Museum_%284317468784%29.jpg,Dar Batha,Fez,"34°3'38.1""N, 4°58'57.8""W",pc_architecture/sanae:180046,Monument,,,False,,
Fez,https://upload.wikimedia.org/wikipedia/commons/thumb/a/a9/Ibn_Danan_Synagogue%2C_April_2016.jpg/200px-Ibn_Danan_Synagogue%2C_April_2016.jpg,Ibn Danan Synagogue,Fez,"34°3'9.659""N, 4°59'30.070""W",pc_architecture/sanae:560001,Monument,,,False,,
Fez,https://upload.wikimedia.org/wikipedia/commons/thumb/4/4d/Medresa_Al-Attarin%28js%293.jpg/200px-Medresa_Al-Attarin%28js%293.jpg,Al-Attarine Madrasa,Fez,"34°3'54.5""N, 4°58'25.0""W",pc_architecture/sanae:270001,Monument,,,False,,
Fez,https://upload.wikimedia.org/wikipedia/commons/thumb/f/fd/Sahrij_Medersa%2C_Fes%2C_Morocco-1.jpg/200px-Sahrij_Medersa%2C_Fes%2C_Morocco-1.jpg,Sahrij Madrasa,Fez,"34°3'46.840""N, 4°58'7.234""W",pc_architecture/sanae:270003,Monument,,,False,,
Fez,,Sla de Rebbi Abou Synagogue,Fez,"34°3'11.876""N, 4°59'27.060""W",pc_architecture/sanae:560015,Monument,,,False,,
Fez,https://upload.wikimedia.org/wikipedia/commons/thumb/7/71/Medina_of_Fez_082023_028.jpg/200px-Medina_of_Fez_082023_028.jpg,Sba'iyyin Madrasa,Fez,"34°3'46.5""N, 4°58'6.4""W",pc_architecture/sanae:270018,Monument,,,False,,
Fez,,the home of Molay Driss Ben Abd-El-Hadj Belghit,Fez,,pc_architecture/sanae:320067,Monument,,,False,,
Fez,,the Home El-Qadi El-Iraqi,Fez,,pc_architecture/sanae:320063,Monument,,,False,,
Fez,,Foundouk Maamel Lekhcheb,Fez,,pc_architecture/sanae:110078,Monument,,,False,,
Fez,,Hôtel Massara,Fez,,pc_architecture/sanae:110065,Monument,,,False,,
Fez,,Mokri Palace,Fez,"34°3'38.2""N, 4°58'37.5""W",pc_architecture/sanae:320020,Monument,,,False,,
Fez,,Dar Al Sunna Hotel,Fez,,pc_architecture/sanae:110031,Monument,,,False,,
Fez,,Saadoun Synagogue,Fez,,pc_architecture/sanae:560005,Monument,,,False,,
Fez,,Bab Jamaï,Fez,,pc_architecture/sanae:390084,Monument,,,False,,
Fez,https://upload.wikimedia.org/wikipedia/commons/thumb/b/b0/Ru%C3%ADna_%286330584112%29.jpg/200px-Ru%C3%ADna_%286330584112%29.jpg,Borj Cheikh Ahmed,Fez,"34°3'29.592""N, 4°59'10.374""W",pc_architecture/sanae:050015,Monument,,,False,,
Fez,https://upload.wikimedia.org/wikipedia/commons/thumb/0/09/Borj_sud2.jpg/200px-Borj_sud2.jpg,Southern Tower (Fes),Fez,"34°3'14.515""N, 4°58'11.993""W",pc_architecture/sanae:050031,Monument,,,False,,
Fez,,Filala Kasbah,Fez,"33°53'10.291""N, 5°32'55.345""W",pc_architecture/sanae:190002,Monument,,,False,,
Fez,,New Fez School or Dar Makhzen,Fez,,pc_architecture/sanae:270017,Monument,,,False,,
Fez,,El Oued Madrasa,Fez,,pc_architecture/sanae:270014,Monument,,,False,,
Fez,,Medersa EL-karaouine,Fez,,pc_architecture/sanae:270015,Monument,,,False,,
Fez,,Medersa de Bab Guissa,Fez,"34°4'7.846""N, 4°58'32.945""W",pc_architecture/sanae:270016,Monument,,,False,,
Fez,,Medersa Al Mohammadia,Fez,,pc_architecture/sanae:270035,Monument,,,False,,
Fez,https://upload.wikimedia.org/wikipedia/commons/thumb/9/94/Dar_Tazi%2C_Fes%2C_Morocco_-_panoramio_%281%29.jpg/200px-Dar_Tazi%2C_Fes%2C_Morocco_-_panoramio_%281%29.jpg,Seqqaïa Nejarine,Fez,,pc_architecture/sanae:120011,Monument,,,False,,
Fez,,Bhalil,Fez,"33°51'4.662""N, 4°52'3.432""W",pc_architecture/sanae:520003,Monument,,,False,,
Fez,,Bab Jiaf,Fez,"34°3'16.052""N, 4°59'15.763""W",pc_architecture/sanae:390048,Monument,,,False,,
Fez,https://upload.wikimedia.org/wikipedia/commons/thumb/0/0a/Fes_-_Fondouk_el-Nejjarine.jpg/200px-Fes_-_Fondouk_el-Nejjarine.jpg,Funduq al-Najjariyyin,Fez,"34°3'53.5""N, 4°58'33.1""W",pc_architecture/sanae:110003,Monument,,,False,,
Fez,https://upload.wikimedia.org/wikipedia/commons/thumb/7/7d/DSC00198_%283770970%29.jpg/200px-DSC00198_%283770970%29.jpg,El Beida Palace,Fez,"34°3'30.071""N, 4°58'38.035""W",pc_architecture/sanae:320006,Monument,,,False,,
Fez,,Kantara Ben Tato,Fez,"34°3'30.179""N, 4°59'28.687""W",pc_architecture/sanae:380009,Monument,,,False,,
Fez,https://upload.wikimedia.org/wikipedia/commons/thumb/4/45/Fez_%288031186805%29.jpg/200px-Fez_%288031186805%29.jpg,Foundouk Tetouaniyine,Fez,"34°3'54.2""N, 4°58'22.4""W",pc_architecture/sanae:110004,Monument,,,False,,
Fez,,Bab Ech Chebbak,Fez,"34°3'44.017""N, 4°58'46.564""W",pc_architecture/sanae:390043,Monument,,,False,,
Fez,,Bab Kasba (Cherarda),Fez,"34°3'43.733""N, 4°59'33.166""W",pc_architecture/sanae:390037,Monument,,,False,,
Figuig,,Ksar of Hammam Fougani,Figuig,"32°7'5""N, 1°13'5""W",pc_architecture/sanae:220009,Monument,,,False,,
Figuig,https://upload.wikimedia.org/wikipedia/commons/thumb/6/65/Marabout_of_Ksar_lamaiz.jpg/200px-Marabout_of_Ksar_lamaiz.jpg,Ksar of Lamaïz,Figuig,"32°6'57""N, 1°13'46""W",pc_architecture/sanae:220012,Monument,,,False,,
Figuig,,Ksar of Ouled Slimane,Figuig,"32°6'50""N, 1°13'49""W",pc_architecture/sanae:220011,Monument,,,False,,
Figuig,https://upload.wikimedia.org/wikipedia/commons/thumb/3/38/Mosqu%C3%A9e_du_ksar_Zenaga_%C3%A0_Figuig.jpg/200px-Mosqu%C3%A9e_du_ksar_Zenaga_%C3%A0_Figuig.jpg,Ksar of Zenaga,Figuig,"32°5'57.322""N, 1°14'9.593""W",pc_architecture/sanae:220014,Monument,,,False,,
Guelmim,,Nebka Lebaïda,Guelmim,,pc_archeologie/bdiba:ST_C24,Monument,,,False,,
Guelmim,,Tighermt,Guelmim,,pc_architecture/sanae:150215,Monument,,,False,,
Guelmim,,Agadir n'Timoulay Oumaloukt,Guelmim,,pc_architecture/sanae:010201,Monument,,,False,,
Guelmim,,Guoulmine,Guelmim,,pc_architecture/sanae:200333,Monument,,,False,,
Marrakesh,https://upload.wikimedia.org/wikipedia/commons/thumb/1/14/Mosqu%C3%A9e_de_la_Koutoubia_-_marakesh.jpg/200px-Mosqu%C3%A9e_de_la_Koutoubia_-_marakesh.jpg,Kutubiyya Mosque,Marrakesh,"31°37'26.846""N, 7°59'36.748""W",pc_architecture/idpcm:08903F,Monument,,,False,,
Marrakesh,https://upload.wikimedia.org/wikipedia/commons/thumb/b/b8/Porte_de_ville_sur_les_remparts%2C_personnages_et_%C3%A2nes_sap04_10l00124_p.jpg/200px-Porte_de_ville_sur_les_remparts%2C_personnages_et_%C3%A2nes_sap04_10l00124_p.jpg,Bab Aghmat,Marrakesh,"31°37'25.914""N, 7°58'28.409""W",pc_architecture/sanae:390026,Monument,,,False,,
Marrakesh,https://upload.wikimedia.org/wikipedia/commons/thumb/e/e0/El_Badi_Palace_3.jpg/200px-El_Badi_Palace_3.jpg,El Badi Palace,Marrakesh,"31°37'5.99""N, 7°59'8.99""W",pc_architecture/sanae:320001,Monument,,,False,,
Marrakesh,https://upload.wikimedia.org/wikipedia/commons/thumb/5/57/Le_jardin_des_majorelle_16.JPG/200px-Le_jardin_des_majorelle_16.JPG,Majorelle Garden,Marrakesh,"31°38'29""N, 8°0'10""W",pc_architecture/sanae:180017,Monument,,,False,,
Marrakesh,https://upload.wikimedia.org/wikipedia/commons/thumb/3/3a/Ben_Salah_Mosque.jpg/200px-Ben_Salah_Mosque.jpg,Ben Salah Mosque,Marrakesh,"31°37'48""N, 7°58'48""W",pc_architecture/idpcm:BD7F09,Monument,,,False,,
Marrakesh,https://upload.wikimedia.org/wikipedia/commons/thumb/c/c4/Jardins_de_la_M%C3%A9nara.jpg/200px-Jardins_de_la_M%C3%A9nara.jpg,Menara gardens,Marrakesh,"31°37'0.131""N, 8°1'27.253""W",pc_architecture/sanae:180002,Monument,,,False,,
Marrakesh,https://upload.wikimedia.org/wikipedia/commons/thumb/3/3b/Saadian_Tombs_1044-HDR.jpg/200px-Saadian_Tombs_1044-HDR.jpg,Saadian Tombs,Marrakesh Prefecture,"31°37'2""N, 7°59'19""W",pc_architecture/sanae:490001,Monument,,,False,,
Marrakesh,https://upload.wikimedia.org/wikipedia/commons/thumb/f/fc/Bahia_Palace_large_court.jpg/200px-Bahia_Palace_large_court.jpg,Bahia Palace,Marrakesh,"31°37'17.73""N, 7°58'56.03""W",pc_architecture/sanae:320002,Monument,,,False,,
Marrakesh,https://upload.wikimedia.org/wikipedia/commons/thumb/c/c3/MoroccoMarrakech_DjemaaElFna..jpg/200px-MoroccoMarrakech_DjemaaElFna..jpg,Jemaa el-Fnaa,Marrakesh,"31°37'33.496""N, 7°59'20.753""W",pc_immateriel/igpcm:160C8E,Monument,,,False,,
Marrakesh,https://upload.wikimedia.org/wikipedia/commons/thumb/5/51/CyberParc1.JPG/200px-CyberParc1.JPG,Arsat Moulay Abdessalam Garden,Marrakesh,"31°37'48""N, 8°0'0""W",pc_architecture/sanae:180066,Monument,,,False,,
Marrakesh,https://upload.wikimedia.org/wikipedia/commons/thumb/4/41/Entr%C3%A9e_de_l%27h%C3%B4tel_La_Mamounia.jpg/200px-Entr%C3%A9e_de_l%27h%C3%B4tel_La_Mamounia.jpg,La Mamounia,Marrakesh,"31°37'15""N, 7°59'50""W",pc_architecture/sanae:340018,Monument,,,False,,
Marrakesh,https://upload.wikimedia.org/wikipedia/commons/thumb/c/c1/Dar_Si_Said_1465.jpg/200px-Dar_Si_Said_1465.jpg,Dar Si Said Museum,Marrakesh,"31°37'24""N, 7°59'1""W",pc_architecture/sanae:320124,Monument,,,False,,
Marrakesh,https://upload.wikimedia.org/wikipedia/commons/thumb/a/a9/Marrakech%2C_Agdal_Gardens%2C_2007-08-01_retouched.jpg/200px-Marrakech%2C_Agdal_Gardens%2C_2007-08-01_retouched.jpg,Agdal Gardens,Marrakesh,"31°36'22""N, 7°58'47""W",pc_architecture/sanae:180018,Monument,,,False,,
Marrakesh,https://upload.wikimedia.org/wikipedia/commons/thumb/5/57/Bab_Agnaou.jpg/200px-Bab_Agnaou.jpg,Bab Agnaou,Marrakesh,"31°37'3.4""N, 7°59'26.4""W",pc_architecture/sanae:390028,Monument,,,False,,
Marrakesh,https://upload.wikimedia.org/wikipedia/commons/thumb/e/e2/Bab_Ksiba%2C_Marrakech.jpg/200px-Bab_Ksiba%2C_Marrakech.jpg,Bab Ksiba,Marrakesh,"31°36'43.92""N, 7°59'21.48""W",pc_architecture/sanae:390127,Monument,,,False,,
Marrakesh,https://upload.wikimedia.org/wikipedia/commons/thumb/d/d8/Puerta_Bab_Er-Robb_04.JPG/200px-Puerta_Bab_Er-Robb_04.JPG,Bab er-Robb,Marrakesh,"31°37'1.92""N, 7°59'26.16""W",pc_architecture/sanae:390021,Monument,,,False,,
Marrakesh,https://upload.wikimedia.org/wikipedia/commons/thumb/a/a7/Mezquita_Mulay_Al_Yazid_04.JPG/200px-Mezquita_Mulay_Al_Yazid_04.JPG,Al-Mansur Mosque,Marrakesh,"31°37'3.644""N, 7°59'20.213""W",pc_architecture/idpcm:2DFE9C,Monument,,,False,,
Marrakesh,https://upload.wikimedia.org/wikipedia/commons/thumb/d/d5/Ben_Youssef_Mosque%2C_Marrakech.jpg/200px-Ben_Youssef_Mosque%2C_Marrakech.jpg,Ben Youssef Mosque,Marrakesh,"31°37'54.93""N, 7°59'13.78""W",pc_architecture/idpcm:BFF816,Monument,,,False,,
Marrakesh,,Douirat Fasisat,Marrakesh,,pc_architecture/sanae:320131,Monument,,,False,,
Marrakesh,,Sultan garden,Marrakesh,,pc_architecture/sanae:180022,Monument,,,False,,
Marrakesh,,Arsat Ed-Djaj garden,Marrakesh,,pc_architecture/sanae:180020,Monument,,,False,,
Marrakesh,,Dar el Beida Palace hospital,Marrakesh,"31°36'13.414""N, 7°58'53.303""W",pc_architecture/sanae:320130,Monument,,,False,,
Marrakesh,,Enclosure of Agdal (Marrakech),Marrakesh,"31°35'35.520""N, 7°59'48.451""W",pc_architecture/sanae:410034,Monument,,,False,,
Marrakesh,,Bab Ahmer,Marrakesh,"31°36'52.985""N, 7°58'35.184""W",pc_architecture/idpcm:BCDF3,Monument,,,False,,
Marrakesh,https://upload.wikimedia.org/wikipedia/commons/thumb/d/d6/Bab_Doukkala_exterior.jpg/200px-Bab_Doukkala_exterior.jpg,Bab Dukkala,Marrakesh,"31°38'2.749""N, 7°59'56.166""W",pc_architecture/sanae:390022,Monument,,,False,,
Marrakesh,https://upload.wikimedia.org/wikipedia/commons/thumb/5/5e/Bab_Debbagh_exterior.jpg/200px-Bab_Debbagh_exterior.jpg,Bab Debbagh,Marrakesh,"31°38'2.915""N, 7°58'44.548""W",pc_architecture/sanae:390024,Monument,,,False,,
Marrakesh,https://upload.wikimedia.org/wikipedia/commons/thumb/6/60/Bab_el_Khemis_2.jpg/200px-Bab_el_Khemis_2.jpg,Bab El Khemis (Marrakech),Marrakesh,"31°38'29.072""N, 7°59'7.487""W",pc_architecture/sanae:390023,Monument,,,False,,
Marrakesh,https://upload.wikimedia.org/wikipedia/commons/thumb/0/06/Bab_el-Arissa_-_Gate_to_the_Old_City_%284282382921%29.jpg/200px-Bab_el-Arissa_-_Gate_to_the_Old_City_%284282382921%29.jpg,Bab Laarissa,Marrakesh,"31°37'46.729""N, 7°59'58.870""W",pc_architecture/idpcm:CB5EB,Monument,,,False,,
Marrakesh,,Bassin Dar El Hana,Marrakesh,"31°35'35.135""N, 7°58'37.247""W",pc_architecture/sanae:040002,Monument,,,False,,
Marrakesh,,Bassin El Gharsiya,Marrakesh,"31°35'38.598""N, 7°58'20.395""W",pc_architecture/sanae:040004,Monument,,,False,,
Marrakesh,https://upload.wikimedia.org/wikipedia/commons/thumb/4/46/Menara_Gardens_-_panoramio.jpg/200px-Menara_Gardens_-_panoramio.jpg,Menara Bassin,Marrakesh,"31°36'48""N, 8°1'18""W",pc_architecture/sanae:040003,Monument,,,False,,
Marrakesh,,Bab Doukkala Fountain,Marrakesh,"31°38'2.782""N, 7°59'56.155""W",pc_architecture/sanae:120002,Monument,,,False,,
Marrakesh,https://upload.wikimedia.org/wikipedia/commons/thumb/3/36/Chrob_ou_chouf_Fountain_2.jpg/200px-Chrob_ou_chouf_Fountain_2.jpg,Shrob ou shouf fountain,Marrakesh,"31°38'0.794""N, 7°59'15.673""W",pc_architecture/sanae:120003,Monument,,,False,,
Marrakesh,https://upload.wikimedia.org/wikipedia/commons/thumb/7/71/Mouassine_Fountain_0925.jpg/200px-Mouassine_Fountain_0925.jpg,Mouassine Fountain,Marrakesh,"31°37'47.986""N, 7°59'21.412""W",pc_architecture/sanae:120001,Monument,,,False,,
Marrakesh,https://upload.wikimedia.org/wikipedia/commons/thumb/e/e2/La_Mamounia_garden.jpg/200px-La_Mamounia_garden.jpg,Mamounia garden,Marrakesh,"31°37'11.370""N, 7°59'48.224""W",pc_architecture/sanae:180019,Monument,,,False,,
Marrakesh,https://upload.wikimedia.org/wikipedia/commons/thumb/b/ba/MoroccoMarrakech_Koutoubia_mosqueFromGarden1.jpg/200px-MoroccoMarrakech_Koutoubia_mosqueFromGarden1.jpg,Koutoubia Gardens,Marrakesh,"31°37'23.473""N, 7°59'41.777""W",pc_architecture/sanae:180071,Monument,,,False,,
Marrakesh,,Ben Salah Medersa,Marrakesh,,pc_architecture/sanae:270020,Monument,,,False,,
Marrakesh,,Sidi Youssef Ben Ali mausoleum,Marrakesh,,pc_architecture/idpcm:252694,Monument,,,False,,
Marrakesh,,Bab Aylan,Marrakesh,"31°37'47.824""N, 7°58'24.589""W",pc_architecture/sanae:390025,Monument,,,False,,
Marrakesh,https://upload.wikimedia.org/wikipedia/commons/thumb/2/2d/Bab_Doukalla-Moschee%2C_Marrakesch_-_panoramio.jpg/200px-Bab_Doukalla-Moschee%2C_Marrakesch_-_panoramio.jpg,Bab Doukkala Mosque,Marrakesh,"31°37'54.113""N, 7°59'45.301""W",pc_architecture/idpcm:0CA6C,Monument,,,False,,
Marrakesh,https://upload.wikimedia.org/wikipedia/commons/thumb/2/2e/Menara_Garden%2CMorocco%2CMarrakech.jpg/200px-Menara_Garden%2CMorocco%2CMarrakech.jpg,Medina of Marrakesh,Marrakesh,"31°37'53.0""N, 7°59'12.1""W",pc_architecture/sanae:280004,Monument,,,False,,
Marrakesh,,Agadir Anzili,Amizmiz,,pc_architecture/sanae:010050,Monument,,,False,,
Marrakesh,https://upload.wikimedia.org/wikipedia/commons/thumb/d/d0/La_Palmeraie_de_Marrakech_709.JPG/200px-La_Palmeraie_de_Marrakech_709.JPG,Palmeraie,Marrakesh,"31°41'10.04755""N, 7°57'44.20361""W",pc_architecture/sanae:330001,Monument,,,False,,
Marrakesh,https://upload.wikimedia.org/wikipedia/commons/thumb/e/e7/Can_You_Feel_The_Breeze%3F.jpg/200px-Can_You_Feel_The_Breeze%3F.jpg,Tahannaout,Al Haouz Province,"31°21'5.04""N, 7°57'2.99""W",pc_architecture/sanae:520004,Monument,,,False,,
Marrakesh,,Timichi,Oukaimden,"31°11'36.938""N, 7°46'7.345""W",pc_architecture/sanae:520005,Monument,,,False,,
Marrakesh,,Agdal of Marrakesh,Marrakesh,"31°35'21.57252""N, 7°59'50.30426""W",pc_architecture/sanae:020001,Monument,,,False,,
Marrakesh,,Asni,Marrakesh,"31°14'31.844""N, 7°59'8.351""W",pc_architecture/sanae:520006,Monument,,,False,,
Marrakesh,https://upload.wikimedia.org/wikipedia/commons/thumb/d/d2/Les_arches_de_Tinmel.jpg/200px-Les_arches_de_Tinmel.jpg,Great Mosque of Tinmel,Tinmel,"30°59'5.464""N, 8°13'42.010""W",pc_architecture/sanae:290007,Monument,,,False,,
Marrakesh,https://upload.wikimedia.org/wikipedia/commons/thumb/7/7c/Tinmel_03.jpg/200px-Tinmel_03.jpg,Tinmel (old town),Tinmel,"30°59'4.783""N, 8°13'41.257""W",pc_architecture/sanae:410051,Monument,,,False,,
Marrakesh,,Kechla Aoukechtin,Asni,"31°14'35.484""N, 7°58'53.022""W",pc_architecture/sanae:190071,Monument,,,False,,
Marrakesh,https://upload.wikimedia.org/wikipedia/commons/thumb/1/1b/RIVIERE_de_l%27OURIKA.JPG/200px-RIVIERE_de_l%27OURIKA.JPG,Ourika River,Ourika,"31°24'N, 7°47'W",,Monument,,,False,,
Marrakesh,,Oued N'fis old bridge,Amizmiz,"31°34'49.638""N, 8°11'56.490""W",pc_architecture/sanae:380002,Monument,,,False,,
Marrakesh,,Ruins of Aoukechtim Kechla,Tinmel,"30°58'56.554""N, 8°13'50.444""W",pc_architecture/sanae:070006,Monument,,,False,,
Marrakesh,,Taohdirt,Tahannaout,"31°21'11.812""N, 7°56'58.675""W",pc_architecture/sanae:460003,Monument,,,False,,
Meknes,https://upload.wikimedia.org/wikipedia/commons/thumb/f/f2/Mekn%C3%A8s_-_Estany_de_l%27Aguedal.jpg/200px-Mekn%C3%A8s_-_Estany_de_l%27Aguedal.jpg,Agdal Basin,Meknes,"33°52'53.573""N, 5°33'36.752""W",pc_architecture/sanae:040001,Monument,,,False,,
Meknes,https://upload.wikimedia.org/wikipedia/commons/thumb/a/a2/Garden_of_the_Meknes_Royal_Military_Academy_-_Mapillary_%28-nH4c_H2CzJW0ig8S_7XgQ%29.jpg/200px-Garden_of_the_Meknes_Royal_Military_Academy_-_Mapillary_%28-nH4c_H2CzJW0ig8S_7XgQ%29.jpg,Meknes Royal Military Academy,Meknes,"33°52'44.526""N, 5°33'25.326""W",pc_architecture/idpcm:D4D4D8,Monument,,,False,,
Meknes,,Dar el Kbira,Meknes,"34°4'4.616""N, 4°58'0.473""W",pc_architecture/sanae:320120,Monument,,,False,,
Meknes,https://upload.wikimedia.org/wikipedia/commons/thumb/c/c4/Royal_stables%2C_Meknes.jpg/200px-Royal_stables%2C_Meknes.jpg,Heri es-Swani,Meknes,"33°52'49.926""N, 5°33'26.975""W",pc_architecture/idpcm:83DF9,Monument,,,False,,
Meknes,https://upload.wikimedia.org/wikipedia/commons/thumb/c/ca/Royal_Palace%2C_Meknes.jpg/200px-Royal_Palace%2C_Meknes.jpg,Dar Al Makhzen (Meknes),Meknes,"33°53'14.161""N, 5°33'16.031""W",pc_architecture/sanae:320121,Monument,,,False,,
Meknes,https://upload.wikimedia.org/wikipedia/commons/thumb/4/4e/Koubat_Al_Khayatine.jpg/200px-Koubat_Al_Khayatine.jpg,Koubat Al Khayatine,Meknes,"33°53'27.377""N, 5°33'53.996""W",pc_architecture/sanae:320004,Monument,,,False,,
Meknes,https://upload.wikimedia.org/wikipedia/commons/thumb/7/72/QaraPrison3.jpg/200px-QaraPrison3.jpg,Kara Prison,Meknes,"33°53'28.064""N, 5°33'52.646""W",pc_architecture/idpcm:84B,Monument,,,False,,
Meknes,https://upload.wikimedia.org/wikipedia/commons/thumb/5/5c/Elhedim.jpg/200px-Elhedim.jpg,El Hedim Square,Meknes,"33°53'35.250""N, 5°33'55.303""W",pc_architecture/idpcm:B05E0,Monument,,,False,,
Meknes,https://upload.wikimedia.org/wikipedia/commons/thumb/f/f4/Bab_Mansour_gate.jpg/200px-Bab_Mansour_gate.jpg,Bab Mansour,Meknes,"33°53'33.4""N, 5°33'52.7""W",pc_architecture/sanae:390003,Monument,,,False,,
Meknes,https://upload.wikimedia.org/wikipedia/commons/thumb/1/15/Bou_Inania_Medersa.jpg/200px-Bou_Inania_Medersa.jpg,Bou Inania Madrasa,Meknes,"33°53'42.7""N, 5°33'55.0""W",pc_architecture/sanae:270009,Monument,,,False,,
Meknes,https://upload.wikimedia.org/wikipedia/commons/thumb/7/7a/Detail_of_Dar_Jamai_Museum_-_Medina_%28Old_City%29_-_Meknes_-_Morocco_-_01.jpg/200px-Detail_of_Dar_Jamai_Museum_-_Medina_%28Old_City%29_-_Meknes_-_Morocco_-_01.jpg,Dar Jamaï palace,Meknes,"33°53'37.561""N, 5°33'59.605""W",pc_architecture/sanae:320137,Monument,,,False,,
Meknes,https://upload.wikimedia.org/wikipedia/commons/thumb/0/06/Meknes-medina-aerial-view.jpg/200px-Meknes-medina-aerial-view.jpg,Medina of Meknes,Meknes,"33°53'41.485""N, 5°33'52.132""W",pc_architecture/sanae:280005,Monument,,,False,,
Meknes,,Msid Touta,Meknes,"33°53'44.275""N, 5°34'0.696""W",pc_architecture/sanae:310002,Monument,,,False,,
Meknes,,Bab Akbet Ziadine,Meknes,"33°53'46.367""N, 5°33'41.335""W",pc_architecture/idpcm:C9F6AF,Monument,,,False,,
Meknes,,Mausoleum Sidi Ali Mennoun,Meknes,,pc_architecture/idpcm:8BB735,Monument,,,False,,
Meknes,,Zaouia Dghoghia,Meknes,,pc_architecture/idpcm:3D599E,Monument,,,False,,
Meknes,,Zaouia Sidi Abdelkrim Radi,Meknes,,pc_architecture/idpcm:AB4341,Monument,,,False,,
Meknes,,Darwah Hotel,Meknes,,pc_architecture/idpcm:B1FCFF,Monument,,,False,,
Meknes,,Al-Fourssan bridge,Meknes,"33°52'36.912""N, 5°33'44.791""W",pc_architecture/sanae:380030,Monument,,,False,,
Meknes,,Zaouia Hmadcha,Meknes,,pc_architecture/idpcm:D56DC1,Monument,,,False,,
Meknes,,Agdal (Meknes),Meknes,"33°52'44.666""N, 5°32'42.486""W",pc_architecture/sanae:020003,Monument,,,False,,
Meknes,,The door of Agdal,Meknes,,pc_architecture/idpcm:81D65,Monument,,,False,,
Meknes,,Aqueduc Bab Berdaïne,Meknes,,pc_architecture/sanae:030014,Monument,,,False,,
Meknes,,Bab Nouara,Meknes,"33°53'6.014""N, 5°33'9.565""W",pc_architecture/sanae:390004,Monument,,,False,,
Meknes,,Bab Al Anouar,Meknes,"33°53'24.306""N, 5°34'11.039""W",pc_architecture/idpcm:9B288F,Monument,,,False,,
Meknes,,The door of Al Aoudat,Meknes,,pc_architecture/idpcm:C437D9,Monument,,,False,,
Meknes,https://upload.wikimedia.org/wikipedia/commons/thumb/0/0b/Meknes_-_Bab_Al_Qazdir_-_20201111112134.jpg/200px-Meknes_-_Bab_Al_Qazdir_-_20201111112134.jpg,Bab Al Qazdir,Meknes,"33°52'0.012""N, 5°32'36.830""W",pc_architecture/sanae:390007,Monument,,,False,,
Meknes,https://upload.wikimedia.org/wikipedia/commons/thumb/a/a9/Bab_Berrima.jpg/200px-Bab_Berrima.jpg,Bab Berrima,Meknes,"33°53'37.939""N, 5°34'7.414""W",pc_architecture/sanae:390111,Monument,,,False,,
Meknes,https://upload.wikimedia.org/wikipedia/commons/thumb/a/a5/BabDarLakbira.jpg/200px-BabDarLakbira.jpg,Bab Dar Lakbira,Meknes,"33°53'27.125""N, 5°33'42.448""W",pc_architecture/idpcm:A43300,Monument,,,False,,
Meknes,,Bab Filala,Meknes,"33°53'30.90991""N, 5°33'50.04000""W",pc_architecture/sanae:390112,Monument,,,False,,
Meknes,,Bab Kbeich,Meknes,"33°51'41.400""N, 5°33'4.151""W",pc_architecture/idpcm:86E62,Monument,,,False,,
Meknes,,Bab Lalla Khadra,Meknes,"33°52'53.911""N, 5°32'37.784""W",pc_architecture/idpcm:7386A0,Monument,,,False,,
Meknes,,Bab Nouara,Meknes,"33°53'6.014""N, 5°33'9.565""W",pc_architecture/sanae:390004,Monument,,,False,,
Meknes,,Belqari Tower,Meknes,"33°53'15.162""N, 5°34'3.274""W",pc_architecture/idpcm:23E6FE,Monument,,,False,,
Meknes,,Dar Al Bacha Hammou,Meknes,,pc_architecture/idpcm:1A6CA,Monument,,,False,,
Meknes,,El Adoul Madrasa,Meknes,,pc_architecture/sanae:270024,Monument,,,False,,
Meknes,https://upload.wikimedia.org/wikipedia/commons/thumb/4/40/Meknes_-_Filalia_Madarsa_-_20201109122907.jpg/200px-Meknes_-_Filalia_Madarsa_-_20201109122907.jpg,Filalia Madarsa,Meknes,"33°53'41.266""N, 5°33'52.027""W",pc_architecture/sanae:270010,Monument,,,False,,
Meknes,https://upload.wikimedia.org/wikipedia/commons/thumb/c/c5/Bab_Moulay_Ismail.jpg/200px-Bab_Moulay_Ismail.jpg,Bab Moulay Ismaïl,Meknes,"33°53'26.268""N, 5°33'49.255""W",pc_architecture/sanae:390117,Monument,,,False,,
Meknes,https://upload.wikimedia.org/wikipedia/commons/thumb/c/c5/Bab_Jdid.jpg/200px-Bab_Jdid.jpg,Bab Jdid,Meknes,"33°53'51.176""N, 5°34'16.061""W",pc_architecture/sanae:390019,Monument,,,False,,
Meknes,,Djenan Ben Halima,Meknes,"33°52'55.373""N, 5°33'19.649""W",pc_architecture/sanae:180001,Monument,,,False,,
Meknes,,Moulay Ismaïl Hospital,Meknes,"33°53'33.590""N, 5°32'44.344""W",pc_architecture/idpcm:9D9F21,Monument,,,False,,
Meknes,,Jnan Ben Hlima,Meknes,"33°52'54.419""N, 5°33'19.933""W",pc_architecture/idpcm:3E6C7,Monument,,,False,,
Meknes,,Bab Beni Mhamed,Meknes,"33°53'8.048""N, 5°33'55.192""W",pc_architecture/idpcm:AFC6A1,Monument,,,False,,
Meknes,https://upload.wikimedia.org/wikipedia/commons/thumb/2/2b/Bab_Bou_Ame%C3%AFr.jpg/200px-Bab_Bou_Ame%C3%AFr.jpg,Bab Bou Ameir,Meknes,"33°53'39.221""N, 5°33'27.698""W",pc_architecture/sanae:390005,Monument,,,False,,
Meknes,,Louis hotel hospital,Meknes,"33°53'19.410""N, 5°31'24.139""W",pc_architecture/sanae:170001,Monument,,,False,,
Meknes,https://upload.wikimedia.org/wikipedia/commons/thumb/a/a4/Bab_berdain_mosque_DSCF4966.jpg/200px-Bab_berdain_mosque_DSCF4966.jpg,Bab Berdieyinne Mosque,Meknes,"33°53'58.992""N, 5°34'3.000""W",pc_architecture/idpcm:B36DAA,Monument,,,False,,
Meknes,https://upload.wikimedia.org/wikipedia/commons/thumb/2/25/Mekn%C3%A8s_-_Bab_el-Berda%C3%AFne.JPG/200px-Mekn%C3%A8s_-_Bab_el-Berda%C3%AFne.JPG,Bab Berdieyinne,Meknes,"33°54'3.895""N, 5°34'5.941""W",pc_architecture/idpcm:69C9CB,Monument,,,False,,
Meknes,,Borj El Ma,Meknes,"33°53'17.160""N, 5°33'14.252""W",pc_architecture/idpcm:2F475C,Monument,,,False,,
Meknes,,Borj Bibi Aïcha,Meknes,"33°52'9.595""N, 5°32'22.999""W",pc_architecture/idpcm:12B05,Monument,,,False,,
Meknes,,Bab Zine Al Abidine,Meknes,"33°53'36.827""N, 5°33'58.903""W",pc_architecture/idpcm:91CD80,Monument,,,False,,
Meknes,https://upload.wikimedia.org/wikipedia/commons/thumb/4/4d/Bab_Siba_02.jpg/200px-Bab_Siba_02.jpg,Bab Siba,Meknes,"33°53'38.1005""N, 5°34'9.3468""W",pc_architecture/idpcm:B1F41,Monument,,,False,,
Meknes,,Bab Qasbat Hadrach,Meknes,"33°52'51.337""N, 5°32'34.818""W",pc_architecture/idpcm:AF2E8,Monument,,,False,,
Meknes,,Bab Bettioui,Meknes,"33°52'14.214""N, 5°33'48.748""W",pc_architecture/idpcm:CAA24,Monument,,,False,,
Meknes,https://upload.wikimedia.org/wikipedia/commons/thumb/7/7f/Meknes_-_Bab_Al_Mers_-_20201110100610.jpg/200px-Meknes_-_Bab_Al_Mers_-_20201110100610.jpg,Bab Al Mers,Meknes,"33°53'25.991""N, 5°33'19.757""W",pc_architecture/sanae:390008,Monument,,,False,,
Meknes,,Pavillon El Khaïma,Meknes,"33°52'22.814""N, 5°32'29.242""W",pc_architecture/sanae:340004,Monument,,,False,,
Meknes,,Pavillon El Khaïma,Meknes,"33°52'22.814""N, 5°32'29.242""W",pc_architecture/sanae:340004,Monument,,,False,,
Meknes,https://upload.wikimedia.org/wikipedia/commons/thumb/4/4e/Koubat_Al_Khayatine.jpg/200px-Koubat_Al_Khayatine.jpg,Koubat Al Khayatine,Meknes,"33°53'27.377""N, 5°33'53.996""W",pc_architecture/sanae:320004,Monument,,,False,,
Meknes,,Heri Al Manssour (Palace),Meknes,"33°52'4.724""N, 5°33'35.798""W",pc_architecture/sanae:320008,Monument,,,False,,
Meknes,,Msid Sidi Kaddour Al Alami,Meknes,"33°53'40.063""N, 5°33'46.782""W",pc_architecture/sanae:310006,Monument,,,False,,
Meknes,,Msid Sidi Chirch,Meknes,"33°53'40.063""N, 5°33'46.782""W",pc_architecture/sanae:310005,Monument,,,False,,
Meknes,,Msid Abdellah Ben Qdad,Meknes,"33°53'40.063""N, 5°33'46.782""W",pc_architecture/idpcm:CCBD2,Monument,,,False,,
Meknes,,Msid Filala (Meknes),Meknes,"33°53'41.266""N, 5°33'52.027""W",pc_architecture/sanae:310003,Monument,,,False,,
Meknes,,Msid El Mohtasseb,Meknes,"33°52'50.682""N, 5°34'21.842""W",pc_architecture/idpcm:4EEA80,Monument,,,False,,
Meknes,,Foundouk El Hanna,Meknes,"33°52'25.082""N, 5°32'28.378""W",pc_architecture/sanae:110001,Monument,,,False,,
Meknes,,Rouah stable,Meknes,"33°52'22.814""N, 5°32'29.242""W",pc_architecture/sanae:090001,Monument,,,False,,
Meknes,,Zaouia Lalla Aïcha Al adouia,Meknes,"33°52'52.784""N, 5°32'49.733""W",pc_architecture/sanae:120006,Monument,,,False,,
Meknes,,Seqqaia Touta,Meknes,"33°53'44.693""N, 5°34'0.772""W",pc_architecture/sanae:120010,Monument,,,False,,
Meknes,,Seqqaia Sidi Qaddour Al Alami,Meknes,"33°53'46.979""N, 5°33'58.226""W",pc_architecture/sanae:120009,Monument,,,False,,
Meknes,,Seqqaia Sbaa Anabeb,Meknes,"33°52'12.176""N, 5°34'47.935""W",pc_architecture/sanae:120008,Monument,,,False,,
Meknes,,Seqqaia Jannat Lamane (Meknes),Meknes,"33°53'53.383""N, 5°34'7.255""W",pc_architecture/idpcm:1DA9,Monument,,,False,,
Meknes,,Seqqaïa El-Haddadine,Meknes,"33°53'39.714""N, 5°33'59.753""W",pc_architecture/sanae:120004,Monument,,,False,,
Meknes,,Seqqaïa El-Adoul,Meknes,"33°53'39.458""N, 5°33'56.311""W",pc_architecture/sanae:120005,Monument,,,False,,
Meknes,,Seqqaïa Djenah el Amane,Meknes,"33°53'53.383""N, 5°34'7.255""W",pc_architecture/sanae:120016,Monument,,,False,,
Meknes,,Sahrij Souani,Meknes,,pc_architecture/idpcm:895426,Monument,,,False,,
Meknes,,Kasbah of Hattane Meknes,Meknes,,pc_architecture/idpcm:BC582,Monument,,,False,,
Meknes,,Kasbah Hadrach Meknes,Meknes,,pc_architecture/idpcm:787865,Monument,,,False,,
Meknes,,Kasbah Kedara Meknes,Meknes,,pc_architecture/idpcm:F09C1E,Monument,,,False,,
Meknes,https://upload.wikimedia.org/wikipedia/commons/thumb/c/cb/Bab_El_Khemis.jpg/200px-Bab_El_Khemis.jpg,Bab El Khemis,Meknes,"33°53'29.04709""N, 5°34'20.66610""W",pc_architecture/sanae:390009,Monument,,,False,,
Meknes,,Bab Ennaoura,Meknes,,pc_architecture/idpcm:39E4EC,Monument,,,False,,
Mehdya,,Mehdia Lighthouse,Mehdya,"34°16'0""N, 6°40'0""W",pc_architecture/sanae:350010,Monument,,,False,,
Mehdya,https://upload.wikimedia.org/wikipedia/commons/thumb/3/34/Puerta_de_la_alcazaba_de_Mehdia.jpg/200px-Puerta_de_la_alcazaba_de_Mehdia.jpg,Kasbah of Mehdia,Mehdya,"34°15'51.001""N, 6°39'27.000""W",pc_architecture/sanae:190012,Monument,,,False,,
Mehdya,,Walls of Mehdia Kasbah,Mehdya,"34°15'55.026""N, 6°39'33.257""W",pc_architecture/sanae:410052,Monument,,,False,,
Mehdya,,Bab El Aïn,Mehdya,"34°15'44.071""N, 6°33'57.481""W",pc_architecture/sanae:390090,Monument,,,False,,
Mehdya,,Bab Jdid,Mehdya,"34°15'51.023""N, 6°39'24.646""W",pc_architecture/sanae:390089,Monument,,,False,,
Nador,https://upload.wikimedia.org/wikipedia/commons/thumb/5/5f/Faro_del_Cabo_de_Tres_Forcas.jpg/200px-Faro_del_Cabo_de_Tres_Forcas.jpg,Cape Three Forks Lighthouse,Nador,"35°26'16.469""N, 2°57'46.159""W",pc_architecture/sanae:350005,Monument,,,False,,
Nador,https://upload.wikimedia.org/wikipedia/commons/thumb/5/50/En_Cabo_de_Agua.jpg/200px-En_Cabo_de_Agua.jpg,Ras Lma lighthouse,Ras el Ma,"35°8'48.65""N, 2°25'31.55""W",pc_architecture/sanae:350004,Monument,,,False,,
Nador,,Saint-Jacques-le-Majeur church,Nador,"35°10'50.650""N, 2°55'37.682""W",pc_architecture/sanae:100026,Monument,,,False,,
Ouarzazate,https://upload.wikimedia.org/wikipedia/commons/thumb/6/66/Kasba_Taourirt_1.jpg/200px-Kasba_Taourirt_1.jpg,Ksar of Taourirt,Ouarzazate,"30°55'12.40""N, 6°53'57.95""W",pc_architecture/sanae:200033,Monument,,,False,,
Ouarzazate,,Ksar Imassine,Ouarzazate,"31°7'26.299""N, 6°20'57.030""W",pc_architecture/sanae:220157,Monument,,,False,,
Ouarzazate,,Ksar Timadriouine,Ouarzazate,"31°24'38.531""N, 5°42'33.764""W",pc_architecture/sanae:220050,Monument,,,False,,
Ouarzazate,,Ksar El-Qasba Oulad Aameur,Ouarzazate,"30°56'8.534""N, 6°56'18.920""W",pc_architecture/sanae:220058,Monument,,,False,,
Ouarzazate,,Agadir Elkhezine,Ouarzazate,"31°16'22.433""N, 6°35'17.646""W",pc_architecture/sanae:010034,Monument,,,False,,
Ouarzazate,,Lahsoune Kasbah of Glaoui,Ouarzazate,,pc_architecture/sanae:200020,Monument,,,False,,
Ouarzazate,,Amallal Igherm,Ouarzazate,,pc_architecture/sanae:200055,Monument,,,False,,
Ouarzazate,,Kasbah Amajgag,Ouarzazate,,pc_architecture/sanae:200182,Monument,,,False,,
Ouarzazate,,Galmous - Bin Chab,Ouarzazate,,pc_architecture/sanae:200267,Monument,,,False,,
Ouarzazate,,Diab Palace,Ouarzazate,,pc_architecture/sanae:200216,Monument,,,False,,
Oujda,,Lalla Meriem Park,Oujda,"34°40'37.546""N, 1°54'48.226""W",pc_architecture/sanae:180106,Monument,,,False,,
Oujda,,Remparts of old town of Oujda,Oujda,"34°40'49.811""N, 1°54'49.734""W",pc_architecture/sanae:410007,Monument,,,False,,
Oujda,https://upload.wikimedia.org/wikipedia/commons/thumb/c/c1/Oujda.eglise.JPG/200px-Oujda.eglise.JPG,Oujda Cathedral,Oujda,"34°40'46.506""N, 1°55'2.348""W",pc_architecture/sanae:100027,Monument,,,False,,
Oujda,https://upload.wikimedia.org/wikipedia/commons/thumb/a/a7/Oujda.baba_sidi_abdel_wahab.jpg/200px-Oujda.baba_sidi_abdel_wahab.jpg,Bab Sidi Abd El Wahab,Oujda,"34°40'47.654""N, 1°54'36.598""W",pc_architecture/sanae:390080,Monument,,,False,,
Oujda,https://upload.wikimedia.org/wikipedia/commons/thumb/4/49/Bab_Sidi_Aissa_Oujda_Brahim_FARAJI_2.jpg/200px-Bab_Sidi_Aissa_Oujda_Brahim_FARAJI_2.jpg,Bab Sidi Aissa,Oujda,"34°40'38.431""N, 1°54'57.431""W",pc_architecture/sanae:390081,Monument,,,False,,
Oujda,,Kasba Saïdia,Saïdia,"35°5'2.332""N, 2°14'13.603""W",pc_architecture/sanae:190016,Monument,,,False,,
Oujda,,Debdou Kasbah,Debdou,"33°59'6.396""N, 3°2'23.982""W",pc_architecture/sanae:190021,Monument,,,False,,
Oujda,,Kasba El Ayoun,Taourirt,,pc_architecture/sanae:190033,Monument,,,False,,
Oujda,,Borj Rouis,Taourirt,"34°23'54.892""N, 2°53'35.095""W",pc_architecture/sanae:050051,Monument,,,False,,
Rabat,https://upload.wikimedia.org/wikipedia/commons/thumb/9/90/Rabat_phare.jpg/200px-Rabat_phare.jpg,Borj Sirat,Rabat,"34°1'53.393""N, 6°50'38.645""W",pc_architecture/tm:0003,Monument,,,False,,
Rabat,https://upload.wikimedia.org/wikipedia/commons/thumb/8/86/Enceinte_de_la_Kasbah_des_Oudaias_P1060315.JPG/200px-Enceinte_de_la_Kasbah_des_Oudaias_P1060315.JPG,Fortifications of Rabat,Rabat,"34°1'57.680""N, 6°50'12.980""W",pc_architecture/tm:0016,Monument,,,False,,
Rabat,https://upload.wikimedia.org/wikipedia/commons/thumb/f/fa/Bab_Ouda%C3%AFa_porte_de_la_Kasbah_des_Oudaias_P1060309.JPG/200px-Bab_Ouda%C3%AFa_porte_de_la_Kasbah_des_Oudaias_P1060309.JPG,Medina of Rabat,Rabat,"34°1'27.001""N, 6°49'22.001""W",pc_architecture/sanae:280013,Monument,,,False,,
Rabat,https://upload.wikimedia.org/wikipedia/commons/thumb/7/72/Interior_of_the_Mausoleum_Mausoleum_of_Mohammed_V_with_a_Koran_reader_%285508503031%29.jpg/200px-Interior_of_the_Mausoleum_Mausoleum_of_Mohammed_V_with_a_Koran_reader_%285508503031%29.jpg,Mausoleum of Mohammed V,Rabat,"34°1'21.41""N, 6°49'19.01""W",pc_architecture/tm:0075,Monument,,,False,,
Rabat,https://upload.wikimedia.org/wikipedia/commons/thumb/a/ab/%D9%85%D8%A7%D8%AA%D8%A8%D9%82%D9%89_%D9%85%D9%86_%D8%B4%D8%A7%D9%84%D8%A9.jpg/200px-%D9%85%D8%A7%D8%AA%D8%A8%D9%82%D9%89_%D9%85%D9%86_%D8%B4%D8%A7%D9%84%D8%A9.jpg,Chellah,Rabat,"34°0'24""N, 6°49'13""W",pc_architecture/tm:0020,Monument,,,False,,
Rabat,https://upload.wikimedia.org/wikipedia/commons/thumb/b/be/Botanical_garden_in_Rabat_-_Mapillary_%28_wEk9QPu8eRGHGeh7ITm7A%29.jpg/200px-Botanical_garden_in_Rabat_-_Mapillary_%28_wEk9QPu8eRGHGeh7ITm7A%29.jpg,Botanical Garden of Rabat,Rabat,"34°0'29.747""N, 6°50'45.139""W",pc_architecture/sanae:180032,Monument,,,False,,
Rabat,https://upload.wikimedia.org/wikipedia/commons/thumb/9/97/Kasbah_Oudayas_exterior.jpg/200px-Kasbah_Oudayas_exterior.jpg,Kasbah of the Udayas,Rabat,"34°1'50""N, 6°50'8""W",pc_architecture/sanae:190014,Monument,,,False,,
Rabat,https://upload.wikimedia.org/wikipedia/commons/thumb/8/8c/Agence_pour_l%27Am%C3%A9nagement_de_la_Vall%C3%A9e_du_Bouregreg_AAVB.jpg/200px-Agence_pour_l%27Am%C3%A9nagement_de_la_Vall%C3%A9e_du_Bouregreg_AAVB.jpg,Agency for the development of the Bouregreg valley,Rabat,"34°1'3.601""N, 6°49'51.413""W",pc_architecture/idpcm:D97CBB,Monument,,,False,,
Rabat,https://upload.wikimedia.org/wikipedia/commons/thumb/9/97/Cath%C3%A9drale_Saint-Pierre_de_Rabat.JPG/200px-Cath%C3%A9drale_Saint-Pierre_de_Rabat.JPG,St. Peter's Cathedral (Rabat),Rabat,"34°1'12""N, 6°49'48""W",pc_architecture/sanae:100007,Monument,,,False,,
Rabat,https://upload.wikimedia.org/wikipedia/commons/thumb/3/3e/Gare_de_Rabat_Ville_2.jpg/200px-Gare_de_Rabat_Ville_2.jpg,Rabat-City train station,Rabat,"34°0'59.490""N, 6°50'8.038""W",pc_architecture/idpcm:F95F8,Monument,,,False,,
Rabat,https://upload.wikimedia.org/wikipedia/commons/thumb/9/93/Hall_Entree_Guessous.JPG/200px-Hall_Entree_Guessous.JPG,M'hammed Guessous School,Rabat,"34°0'50.270""N, 6°50'38.911""W",pc_architecture/idpcm:53B36,Monument,,,False,,
Rabat,https://upload.wikimedia.org/wikipedia/commons/thumb/d/d7/Cinema_Royal_-_Rabat.jpg/200px-Cinema_Royal_-_Rabat.jpg,Cinéma Royal,Rabat,"34°1'15.823""N, 6°50'7.220""W",pc_architecture/idpcm:84E459,Monument,,,False,,
Rabat,https://upload.wikimedia.org/wikipedia/commons/thumb/a/a1/%22Unvollendet_geblieben_sind_Turm_und_Moschee%22._04.jpg/200px-%22Unvollendet_geblieben_sind_Turm_und_Moschee%22._04.jpg,Hassan Tower,Rabat,"34°1'26.7600""N, 6°49'21.7920""W",pc_architecture/sanae:290001,Monument,,,False,,
Rabat,,Fontaine,Rabat,,pc_architecture/idpcm:C282AD,Monument,,,False,,
Rabat,,Remparts of Almohad,Rabat,"34°0'47.045""N, 6°50'10.604""W",pc_architecture/sanae:410039,Monument,,,False,,
Rabat,https://upload.wikimedia.org/wikipedia/commons/thumb/e/e6/Bab_Zaer.JPG/200px-Bab_Zaer.JPG,Bab Zaer,Rabat,"34°0'22.381""N, 6°49'36.505""W",pc_architecture/sanae:410041,Monument,,,False,,
Rabat,https://upload.wikimedia.org/wikipedia/commons/thumb/c/ca/Borj_Lalla_Qadiya.jpg/200px-Borj_Lalla_Qadiya.jpg,Borj Lalla Qadiya,Rabat,"34°1'39.032""N, 6°49'52.655""W",pc_architecture/tm:0005,Monument,,,False,,
Rabat,,Lalla Tabernoust mosque,Rabat,"34°1'31.919""N, 6°50'14.525""W",pc_architecture/idpcm:3D5C9B,Monument,,,False,,
Rabat,,Dar Mitawry,Rabat,,pc_architecture/sanae:320147,Monument,,,False,,
Rabat,,Zawiya Sidi Ali Ben Hamdouch,Rabat,,pc_architecture/sanae:530075,Monument,,,False,,
Rabat,,Dar Er- Raghaï,Rabat,,pc_architecture/sanae:320145,Monument,,,False,,
Rabat,,Palace Dar Trachen,Rabat,,pc_architecture/sanae:320162,Monument,,,False,,
Rabat,https://upload.wikimedia.org/wikipedia/commons/thumb/0/04/Bab_Laalou_1.jpg/200px-Bab_Laalou_1.jpg,Bab El Alou,Rabat,"34°1'36.260""N, 6°50'30.847""W",pc_architecture/sanae:390033,Monument,,,False,,
Rabat,https://upload.wikimedia.org/wikipedia/commons/thumb/1/1b/ETH-BIB-Rabat-Chellah%2C_Grab_des_Sultan_noir_Vorderansicht-Dia_247-09246.tif/lossy-page1-200px-ETH-BIB-Rabat-Chellah%2C_Grab_des_Sultan_noir_Vorderansicht-Dia_247-09246.tif.jpg,Abu al-Hasan and Chams ed-Doha Tombs,Rabat,"34°0'24.9""N, 6°49'23.0""W",pc_architecture/sanae:490002,Monument,,,False,,
Rabat,,Dar Mouline,Rabat,"34°1'45""N, 6°50'14""W",pc_architecture/sanae:320149,Monument,,,False,,
Rabat,,Dar Hakam,Rabat,,pc_architecture/idpcm:F91B99,Monument,,,False,,
Rabat,,Administration Alaouites for disabled people,Rabat,,pc_architecture/idpcm:D36E,Monument,,,False,,
Rabat,,Bab Msalla,Rabat,,pc_architecture/sanae:390096,Monument,,,False,,
Rabat,https://upload.wikimedia.org/wikipedia/commons/thumb/6/61/Bab_Chellah_1912.jpg/200px-Bab_Chellah_1912.jpg,Bab Chellah,Rabat,"34°1'27.228""N, 6°49'59.261""W",pc_architecture/tm:0061,Monument,,,False,,
Rabat,https://upload.wikimedia.org/wikipedia/commons/thumb/a/a2/Bab_Bouiba.JPG/200px-Bab_Bouiba.JPG,Bab El Bouiba,Rabat,"34°1'22.080""N, 6°50'13.610""W",pc_architecture/tm:0062,Monument,,,False,,
Rabat,https://upload.wikimedia.org/wikipedia/commons/thumb/d/d6/Bab_El_Hadd_2.jpg/200px-Bab_El_Hadd_2.jpg,Bab El Had,Rabat,"34°1'19.070""N, 6°50'25.314""W",pc_architecture/tm:0063,Monument,,,False,,
Rabat,https://upload.wikimedia.org/wikipedia/commons/thumb/b/ba/MuseeDesOudyasRabat.jpg/200px-MuseeDesOudyasRabat.jpg,Bab Lakbir,Rabat,"34°1'51.377""N, 6°50'11.854""W",pc_architecture/sanae:390029,Monument,,,False,,
Rabat,,Bab el-Q'bibat,Rabat,"34°1'0.091""N, 6°51'16.139""W",pc_architecture/sanae:390097,Monument,,,False,,
Rabat,https://upload.wikimedia.org/wikipedia/commons/thumb/b/bf/Borj_Dar_2.jpg/200px-Borj_Dar_2.jpg,Borj Ed-Dar,Rabat,"34°1'55.765""N, 6°50'24.479""W",pc_architecture/tm:0004,Monument,,,False,,
Rabat,https://upload.wikimedia.org/wikipedia/commons/thumb/2/21/Sidi_Makhlouf_1.jpg/200px-Sidi_Makhlouf_1.jpg,Borj Sidi Makhlouf,Rabat,"34°1'35.598""N, 6°49'34.342""W",pc_architecture/tm:0006,Monument,,,False,,
Rabat,,Borj Sqala (Rabat),Rabat,"34°1'53.436""N, 6°50'38.530""W",pc_architecture/sanae:050012,Monument,,,False,,
Rabat,,Dar Bargach,Rabat,,pc_architecture/sanae:320101,Monument,,,False,,
Rabat,,Source library,Rabat,"34°1'13.555""N, 6°49'48.943""W",pc_architecture/sanae:100008,Monument,,,False,,
Rabat,,Saint-Pie-X church of Rabat,Rabat,"33°59'20.810""N, 6°50'52.476""W",pc_architecture/sanae:100010,Monument,,,False,,
Rabat,https://upload.wikimedia.org/wikipedia/commons/thumb/f/f3/%D9%85%D8%B1%D9%83%D8%A8_%D8%A7%D9%84%D8%AB%D9%82%D8%A7%D9%81%D9%8A_%D8%A7%D9%84%D9%85%D9%87%D8%AF%D9%8A_%D8%A7%D8%A8%D9%86_%D8%A8%D8%B1%D9%83%D8%A9.jpg/200px-%D9%85%D8%B1%D9%83%D8%A8_%D8%A7%D9%84%D8%AB%D9%82%D8%A7%D9%81%D9%8A_%D8%A7%D9%84%D9%85%D9%87%D8%AF%D9%8A_%D8%A7%D8%A8%D9%86_%D8%A8%D8%B1%D9%83%D8%A9.jpg,Saint-Joseph church,Rabat,"34°1'20.330""N, 6°50'57.916""W",pc_architecture/sanae:100009,Monument,,,False,,
Rabat,https://upload.wikimedia.org/wikipedia/commons/thumb/e/e1/Rabat_Kasbah_Oudayas_%283%29.jpg/200px-Rabat_Kasbah_Oudayas_%283%29.jpg,Oudaya Garden,Rabat,"34°1'48.385""N, 6°50'7.721""W",pc_architecture/sanae:180003,Monument,,,False,,
Rabat,,Garden of Hilton hotel,Rabat,"33°59'11.940""N, 6°50'33.299""W",pc_architecture/sanae:180076,Monument,,,False,,
Rabat,,Oudaia madrasa,Rabat,"34°1'54.880""N, 6°50'9.384""W",pc_architecture/sanae:270011,Monument,,,False,,
Rabat,https://upload.wikimedia.org/wikipedia/commons/thumb/e/e9/Hotel_Balima.JPG/200px-Hotel_Balima.JPG,Balima Hotel,Rabat,"34°1'5""N, 6°50'7""W",pc_architecture/idpcm:82BC3F,Monument,,,False,,
Rabat,https://upload.wikimedia.org/wikipedia/commons/thumb/d/db/Rabat%2C_Telegraphe_Poste_Telephone.jpg/200px-Rabat%2C_Telegraphe_Poste_Telephone.jpg,Central Post Office Building,Rabat,"34°1'10.337""N, 6°50'13.121""W",pc_architecture/idpcm:D57604,Monument,,,False,,
Rabat,https://upload.wikimedia.org/wikipedia/commons/thumb/0/00/Morocco_-_Rabat_%2832079903392%29.jpg/200px-Morocco_-_Rabat_%2832079903392%29.jpg,Maroc Télécom building,Rabat,"34°1'8.648""N, 6°50'12.779""W",pc_architecture/idpcm:7817B2,Monument,,,False,,
Rabat,,Vatel hotel,Rabat,,pc_architecture/idpcm:8EE80B,Monument,,,False,,
Rabat,,Majestic hotel,Rabat,"34°1'16.489""N, 6°50'23.046""W",pc_architecture/idpcm:23E559,Monument,,,False,,
Rabat,,Gaulish hotel,Rabat,"34°1'15.575""N, 6°50'16.404""W",pc_architecture/idpcm:2387BE,Monument,,,False,,
Rabat,,Renaissance cinema,Rabat,"34°1'12.580""N, 6°50'13.859""W",pc_architecture/idpcm:F595FD,Monument,,,False,,
Rabat,,Comedia building café,Rabat,"34°1'13.480""N, 6°50'13.330""W",pc_architecture/idpcm:E8DCC1,Monument,,,False,,
Rabat,https://upload.wikimedia.org/wikipedia/commons/thumb/5/59/Rempart_fluvial_de_Rabat_3.jpg/200px-Rempart_fluvial_de_Rabat_3.jpg,Bab el Bahr,Rabat,"34°1'39.108""N, 6°49'54.304""W",pc_architecture/tm:0068,Monument,,,False,,
Rabat,https://upload.wikimedia.org/wikipedia/commons/thumb/6/6c/National_Photography_Museum_%28Morocco%29.jpeg/200px-National_Photography_Museum_%28Morocco%29.jpeg,Fort Hervé,Rabat,"34°1'29.986""N, 6°51'3.233""W",pc_architecture/tm:0023,Monument,,,False,,
Rabat,,Moulina Mosque,Rabat,"34°1'14.693""N, 6°50'4.931""W",pc_architecture/sanae:300003,Monument,,,False,,
Rabat,,Hassan Mosque,Rabat,"34°1'20.849""N, 6°49'18.941""W",pc_architecture/tm:0049,Monument,,,False,,
Rabat,https://upload.wikimedia.org/wikipedia/commons/thumb/0/04/Zaouia_Tijania_Al_Atika_in_the_old_Medina_of_Rabat_MedinaStories_2020_035.jpg/200px-Zaouia_Tijania_Al_Atika_in_the_old_Medina_of_Rabat_MedinaStories_2020_035.jpg,Zaouia Tijania,Rabat,"34°1'39.320""N, 6°50'6.997""W",pc_architecture/idpcm:26AD4,Monument,,,False,,
Rabat,,Naciria Zaouia,Rabat,"34°1'36.822""N, 6°50'11.213""W",pc_architecture/idpcm:4BA00,Monument,,,False,,
Rabat,,Bennani mosque,Rabat,"34°1'34.010""N, 6°50'12.059""W",pc_architecture/idpcm:D7E9D9,Monument,,,False,,
Rabat,,"Mamounia hotel, Rabat",Rabat,"34°1'15.384""N, 6°50'21.286""W",pc_architecture/idpcm:AD230B,Monument,,,False,,
Rabat,,Oudaias hotel,Rabat,"34°1'46.88""N, 6°50'13.92""W",pc_architecture/idpcm:2B9A14,Monument,,,False,,
Rabat,,Terminus Hotel,Rabat,"34°0'56.92""N, 6°50'6.40""W",pc_architecture/idpcm:9669CD,Monument,,,False,,
Rabat,https://upload.wikimedia.org/wikipedia/commons/thumb/a/a4/Lycee-moulay-youssef-rabat.jpg/200px-Lycee-moulay-youssef-rabat.jpg,Moulay Youssef College,Rabat,"34°0'48.100""N, 6°50'1.900""W",pc_architecture/sanae:670001,Monument,,,False,,
Rabat,https://upload.wikimedia.org/wikipedia/commons/thumb/2/25/Vall%C3%A9e_du_Bou_Regreg_P1060533.JPG/200px-Vall%C3%A9e_du_Bou_Regreg_P1060533.JPG,Bou Regreg,Salé,"34°1'55""N, 6°49'51""W",pc_architecture/sanae:450016,Monument,,,False,,
Rabat,https://upload.wikimedia.org/wikipedia/commons/thumb/a/a3/%D8%A8%D8%A7%D8%A8_%D8%A7%D9%84%D8%B1%D9%88%D8%A7%D8%AD.jpg/200px-%D8%A8%D8%A7%D8%A8_%D8%A7%D9%84%D8%B1%D9%88%D8%A7%D8%AD.jpg,Bab ar-Rwah,Rabat,"34°0'46.199""N, 6°50'15.500""W",pc_architecture/tm:0066,Monument,,,False,,
Rabat,,Belvédère Park,Rabat,"34°0'29.948""N, 6°50'22.589""W",pc_architecture/idpcm:0BE50,Monument,,,False,,
Rabat,https://upload.wikimedia.org/wikipedia/commons/thumb/6/65/M%C3%A9dersa_de_Sala.jpg/200px-M%C3%A9dersa_de_Sala.jpg,Marinid Madrasa of Salé,Salé,"34°2'23.5""N, 6°49'38.1""W",pc_architecture/sanae:270008,Monument,,,False,,
Rabat,,Telegraphy Gate,Rabat,"34°1'29.88325""N, 6°49'51.12178""W",pc_architecture/sanae:390034,Monument,,,False,,
Rabat,,Nouzhat Hassan garden,Rabat,"34°1'20.107""N, 6°50'2.512""W",pc_architecture/sanae:180102,Monument,,,False,,
Rabat,https://upload.wikimedia.org/wikipedia/commons/thumb/8/81/BordjPirates.jpg/200px-BordjPirates.jpg,Pirates Tower,Rabat,"34°1'58.915""N, 6°50'7.246""W",pc_architecture/sanae:050011,Monument,,,False,,
Rabat,https://upload.wikimedia.org/wikipedia/commons/thumb/4/4e/La_mosqu%C3%A9e_el_atiq.jpg/200px-La_mosqu%C3%A9e_el_atiq.jpg,Al-Atiq Mosque,Rabat,"34°1'54.984""N, 6°50'8.912""W",pc_architecture/tm:0059,Monument,,,False,,
Rabat,,Qasba Jdida,Rabat,"34°1'41.516""N, 6°50'28.615""W",pc_architecture/tm:0022,Monument,,,False,,
Rabat,,Kasba Dchira,Skhirat,"33°53'54.118""N, 6°57'33.937""W",pc_architecture/sanae:190044,Monument,,,False,,
Safi,https://upload.wikimedia.org/wikipedia/commons/thumb/e/e3/Safi1_%28js%29.jpg/200px-Safi1_%28js%29.jpg,Sea Castle,Safi,"32°17'50.766""N, 9°14'39.196""W",pc_architecture/sanae:070001,Monument,,,False,,
Safi,,Sidi Mohammed Salih,Safi,"32°15'37.451""N, 9°14'58.279""W",pc_architecture/sanae:490017,Monument,,,False,,
Safi,,Borj Ed-dar (Safi),Safi,"32°17'51.288""N, 9°13'37.452""W",pc_architecture/sanae:070002,Monument,,,False,,
Safi,,"Portuguese church, Safi",Safi,,pc_architecture/sanae:100018,Monument,,,False,,
Safi,,Safi Madrasa,Safi,,pc_architecture/sanae:270027,Monument,,,False,,
Safi,,Souira Qedima Kasbah,Safi,"32°2'3.098""N, 9°20'39.743""W",pc_architecture/sanae:190022,Monument,,,False,,
Safi,https://upload.wikimedia.org/wikipedia/commons/thumb/0/0b/Mag1568602208608.jpg/200px-Mag1568602208608.jpg,Safi Medina,Safi,"32°17'57.052""N, 9°14'30.876""W",pc_architecture/sanae:280017,Monument,,,False,,
Safi,,Potters' Quarter,Safi,"32°18'3.136""N, 9°14'22.207""W",pc_architecture/sanae:280002,Monument,,,False,,
Safi,,Ben Hamidouch Kasba,Safi,"32°17'50.618""N, 9°13'51.503""W",pc_architecture/sanae:190011,Monument,,,False,,
Safi,,Kasbah of Ayyir,Safi,"32°40'35.825""N, 9°5'5.842""W",pc_architecture/sanae:190084,Monument,,,False,,
Safi,,El Ablat Borj,Safi,"32°19'15.143""N, 9°15'34.740""W",pc_architecture/sanae:050033,Monument,,,False,,
Safi,,Borj Souira El Kadima,Safi,"32°2'3.098""N, 9°20'39.743""W",pc_architecture/sanae:050034,Monument,,,False,,
Salé,https://upload.wikimedia.org/wikipedia/commons/thumb/b/bc/Sale%2CBabMrisa.jpg/200px-Sale%2CBabMrisa.jpg,Bab el-Mrissa,Salé,"34°1'57.75""N, 6°49'12.67""W",pc_architecture/sanae:390017,Monument,,,False,,
Salé,https://upload.wikimedia.org/wikipedia/commons/thumb/6/60/%D8%B3%D9%88%D8%B1_%D8%B3%D9%84%D8%A7_%D9%82%D8%B1%D8%A8_%D8%A8%D8%A7%D8%A8_%D8%A8%D9%88%D8%AD%D8%A7%D8%AC%D8%A9.jpg/200px-%D8%B3%D9%88%D8%B1_%D8%B3%D9%84%D8%A7_%D9%82%D8%B1%D8%A8_%D8%A8%D8%A7%D8%A8_%D8%A8%D9%88%D8%AD%D8%A7%D8%AC%D8%A9.jpg,Enclosure of the Medina of Salé,Salé,"34°2'1.165""N, 6°49'12.983""W",pc_architecture/sanae:410021,Monument,,,False,,
Salé,https://upload.wikimedia.org/wikipedia/commons/thumb/d/da/%D9%85%D8%AF%D8%AE%D9%84_%D9%82%D8%B5%D8%A8%D8%A9_%D9%83%D9%8B%D9%86%D8%A7%D9%88%D8%A9.jpg/200px-%D9%85%D8%AF%D8%AE%D9%84_%D9%82%D8%B5%D8%A8%D8%A9_%D9%83%D9%8B%D9%86%D8%A7%D9%88%D8%A9.jpg,Kasbah of Gnaouas,Salé,"34°3'44""N, 6°48'48""W",pc_architecture/sanae:190017,Monument,,,False,,
Salé,https://upload.wikimedia.org/wikipedia/commons/thumb/3/37/Fa%C3%A7ade_maristane_sal%C3%A9.JPG/200px-Fa%C3%A7ade_maristane_sal%C3%A9.JPG,Madrasa Bou Inaniya (Salé),Salé,"34°2'24""N, 6°49'12""W",pc_architecture/sanae:110002,Monument,,,False,,
Salé,https://upload.wikimedia.org/wikipedia/commons/thumb/6/65/M%C3%A9dersa_de_Sala.jpg/200px-M%C3%A9dersa_de_Sala.jpg,Marinid Madrasa of Salé,Salé,"34°2'23.5""N, 6°49'38.1""W",pc_architecture/sanae:270008,Monument,,,False,,
Salé,https://upload.wikimedia.org/wikipedia/commons/thumb/8/81/Sal%C3%A9_Aqueduct.jpg/200px-Sal%C3%A9_Aqueduct.jpg,Aqueduct Sour El Kuas,Salé,"34°2'51.670""N, 6°48'58.558""W",pc_architecture/sanae:030001,Monument,,,False,,
Salé,https://upload.wikimedia.org/wikipedia/commons/thumb/e/ec/Porte_Bab-Bouhaja_et_le_Tramway%2C_Sal%C3%A9%2C_Morrocow.jpg/200px-Porte_Bab-Bouhaja_et_le_Tramway%2C_Sal%C3%A9%2C_Morrocow.jpg,Bab Bouhaja,Salé,"34°2'6.983""N, 6°49'25.903""W",pc_architecture/sanae:390018,Monument,,,False,,
Salé,,Foundouk Cherkaoui,Salé,,pc_architecture/sanae:110156,Monument,,,False,,
Salé,,Sidi Massoud,Salé,,pc_architecture/sanae:260487,Monument,,,False,,
Salé,https://upload.wikimedia.org/wikipedia/commons/thumb/0/01/Canons_bab_khmiss_sal%C3%A9.jpg/200px-Canons_bab_khmiss_sal%C3%A9.jpg,Bab Lakhmis (Salé),Salé,"34°2'11.288""N, 6°49'4.444""W",pc_architecture/sanae:390016,Monument,,,False,,
Salé,https://upload.wikimedia.org/wikipedia/commons/thumb/e/eb/Bordj_Roukni_%C3%A0_Sal%C3%A9.jpg/200px-Bordj_Roukni_%C3%A0_Sal%C3%A9.jpg,Borj El kébir,Salé,"34°2'45.028""N, 6°49'37.391""W",pc_architecture/sanae:050003,Monument,,,False,,
Salé,,Salé church,Salé,"34°1'57.166""N, 6°49'33.089""W",pc_architecture/sanae:100014,Monument,,,False,,
Salé,,Dar Sbihi garden,Salé,,pc_architecture/sanae:180044,Monument,,,False,,
Salé,https://upload.wikimedia.org/wikipedia/commons/thumb/2/2d/Forteresses_bab_maalqa_sal%C3%A9.jpg/200px-Forteresses_bab_maalqa_sal%C3%A9.jpg,Medina of Salé,Salé,"34°2'25.991""N, 6°49'26.760""W",pc_architecture/sanae:280003,Monument,,,False,,
Salé,,Minaret of Bourmada mosque,Salé,"34°2'15.025""N, 6°49'19.621""W",pc_architecture/sanae:290002,Monument,,,False,,
Salé,https://upload.wikimedia.org/wikipedia/commons/thumb/b/bc/Bab_Chaafa.jpg/200px-Bab_Chaafa.jpg,Bab Chaafa,Salé,"34°2'38.252""N, 6°49'30.486""W",pc_architecture/sanae:390013,Monument,,,False,,
Salé,,Bab Jdid,Salé,"34°2'11.404""N, 6°49'36.329""W",pc_architecture/sanae:390109,Monument,,,False,,
Salé,https://upload.wikimedia.org/wikipedia/commons/thumb/b/b3/Porte_maalka.JPG/200px-Porte_maalka.JPG,Bab Maalka,Salé,"34°2'12.142""N, 6°49'37.690""W",pc_architecture/sanae:390020,Monument,,,False,,
Salé,https://upload.wikimedia.org/wikipedia/commons/thumb/1/13/Borj_bab_sebta.jpg/200px-Borj_bab_sebta.jpg,Bab Sebta,Salé,"34°2'29.774""N, 6°49'15.431""W",pc_architecture/sanae:390014,Monument,,,False,,
Salé,,Bab Ferth,Salé,"34°2'24.137""N, 6°49'8.090""W",pc_architecture/sanae:390015,Monument,,,False,,
Salé,,Sqala Jdida,Salé,"34°2'4.855""N, 6°49'43.136""W",pc_architecture/idpcm:815A4B,Monument,,,False,,
Salé,https://upload.wikimedia.org/wikipedia/commons/thumb/0/0a/Sidi_Moussa_Doukali_-_Sla.jpg/200px-Sidi_Moussa_Doukali_-_Sla.jpg,Mausoleum Sidi Moussa,Salé,"34°3'34.934""N, 6°49'3.076""W",pc_architecture/idpcm:978112,Monument,,,False,,
Salé,,Borj El Quedim,Salé,"34°2'28.370""N, 6°50'0.190""W",pc_architecture/sanae:050005,Monument,,,False,,
Salé,,Borj El Mellah,Salé,"34°2'4.326""N, 6°49'12.011""W",pc_architecture/sanae:050004,Monument,,,False,,
Salé,https://upload.wikimedia.org/wikipedia/commons/thumb/8/8a/Borj_adoumoue_sal%C3%A9.jpg/200px-Borj_adoumoue_sal%C3%A9.jpg,Borj Adoumoue,Salé,"34°2'27""N, 6°49'48""W",pc_architecture/idpcm:847E51,Monument,,,False,,
Salé,,Borj El Jedid,Salé,"34°2'28.370""N, 6°50'0.190""W",pc_architecture/sanae:050006,Monument,,,False,,
Salé,https://upload.wikimedia.org/wikipedia/commons/thumb/5/5b/Exotic_Bouknadel.jpg/200px-Exotic_Bouknadel.jpg,Bouknadel Gardens,Bouknadel,"34°5'42.7758""N, 6°45'59.5822""W",pc_architecture/sanae:180013,Monument,,,False,,
Salé,https://upload.wikimedia.org/wikipedia/commons/thumb/3/31/%D8%A8%D8%A7%D8%A8_%D8%AF%D8%A7%D8%B1_%D8%A7%D9%84%D8%B5%D9%86%D8%B9%D8%A9_-_%D8%B3%D9%84%D8%A7.jpg/200px-%D8%A8%D8%A7%D8%A8_%D8%AF%D8%A7%D8%B1_%D8%A7%D9%84%D8%B5%D9%86%D8%B9%D8%A9_-_%D8%B3%D9%84%D8%A7.jpg,Bab Dar Assinaa,Salé,"34°1'59.851""N, 6°49'17.810""W",pc_architecture/idpcm:1C84,Monument,,,False,,
Salé,,Salé Kissaria,Salé,"34°2'15.824""N, 6°49'27.660""W",pc_architecture/sanae:210001,Monument,,,False,,
Sidi Kacem,,Enclosure of Basra,Had Kourt,"34°36'55.397""N, 5°44'7.609""W",pc_architecture/sanae:410050,Monument,,,False,,
Sidi Kacem,,Medina of Ouezzane,Ouazzane,"34°47'48.995""N, 5°34'51.899""W",pc_architecture/sanae:280021,Monument,,,False,,
Sidi Kacem,,Zaouia of Sidi Kacem,Sidi Kacem,"34°11'47.447""N, 5°42'56.718""W",pc_architecture/sanae:280023,Monument,,,False,,
Sidi Ifni,,Lbarkou,Sidi Ifni,,pc_architecture/idpcm:BF6250,Monument,,,False,,
Sidi Ifni,,Adadir-n-Dou Lhaj,Sidi Ifni,,pc_architecture/sanae:010258,Monument,,,False,,
Sidi Ifni,https://upload.wikimedia.org/wikipedia/commons/thumb/9/92/2_%D9%82%D9%86%D8%B5%D9%84%D9%8A%D8%A9_%D8%A7%D9%84%D8%A7%D8%B3%D8%A8%D8%A7%D9%86%D9%8A%D8%A9_%D8%A8%D8%B3%D9%8A%D8%AF%D9%8A_%D8%A7%D9%81%D9%86%D9%8A.png/200px-2_%D9%82%D9%86%D8%B5%D9%84%D9%8A%D8%A9_%D8%A7%D9%84%D8%A7%D8%B3%D8%A8%D8%A7%D9%86%D9%8A%D8%A9_%D8%A8%D8%B3%D9%8A%D8%AF%D9%8A_%D8%A7%D9%81%D9%86%D9%8A.png,"Old Spanish Consulate, Sidi Ifni",Sidi Ifni,"29°22'53.353""N, 10°10'33.449""W",pc_architecture/idpcm:716B,Monument,,,False,,
Tangier,https://upload.wikimedia.org/wikipedia/commons/thumb/a/a1/Cuevas_de_H%C3%A9rcules%2C_Cabo_Espartel%2C_Marruecos%2C_2015-12-11%2C_DD_22-24_HDR.JPG/200px-Cuevas_de_H%C3%A9rcules%2C_Cabo_Espartel%2C_Marruecos%2C_2015-12-11%2C_DD_22-24_HDR.JPG,Caves of Hercules (Tanger),Tangier,"35°45'37""N, 5°56'21""W",pc_architecture/sanae:160005,Monument,,,False,,
Tangier,https://upload.wikimedia.org/wikipedia/commons/thumb/0/0c/Petit_Socco-2.jpg/200px-Petit_Socco-2.jpg,Petit Socco,Tangier,"35°47'7.55""N, 5°48'38.30""W",pc_architecture/sanae:360008,Monument,,,False,,
Tangier,https://upload.wikimedia.org/wikipedia/commons/thumb/c/c7/Cape_Spartel_Lighthouse.jpg/200px-Cape_Spartel_Lighthouse.jpg,Cape Spartel Lighthouse,Tangier,"35°47'27.622""N, 5°55'25.658""W",pc_architecture/sanae:350002,Monument,,,False,,
Tangier,https://upload.wikimedia.org/wikipedia/commons/thumb/6/67/Licht_im_Dom_von_Tanger_3.jpg/200px-Licht_im_Dom_von_Tanger_3.jpg,Tangier Cathedral,Tangier,"35°46'54.5""N, 5°49'4.0""W",pc_architecture/sanae:100021,Monument,,,False,,
Tangier,https://upload.wikimedia.org/wikipedia/commons/thumb/d/db/Int%C3%A9rieur_Palais_du_Sultan.jpg/200px-Int%C3%A9rieur_Palais_du_Sultan.jpg,Dar el Makhzen (Tangier),Tangier,"35°47'19""N, 5°48'46""W",pc_architecture/sanae:320011,Monument,,,False,,
Tangier,https://upload.wikimedia.org/wikipedia/commons/thumb/8/85/Grand_Socco_Tangier.jpg/200px-Grand_Socco_Tangier.jpg,Grand Socco,Tangier,"35°47'2.6459""N, 5°48'47.9441""W",pc_architecture/sanae:360009,Monument,,,False,,
Tangier,,Borj Es-Salam,Tangier,"35°47'13.664""N, 5°48'34.186""W",pc_architecture/sanae:050024,Monument,,,False,,
Tangier,,Abraham Toledano Synagogue,Tangier,"35°47'6.428""N, 5°48'42.574""W",pc_architecture/sanae:260630,Monument,,,False,,
Tangier,https://upload.wikimedia.org/wikipedia/commons/thumb/5/53/Catholic_church_in_Tangier%2C_Morocco.jpg/200px-Catholic_church_in_Tangier%2C_Morocco.jpg,Church of the Immaculate Conception,Tangier,"35°47'7""N, 5°48'41""W",pc_architecture/sanae:100005,Monument,,,False,,
Tangier,,Borj El Marsa,Tangier,,pc_architecture/sanae:050025,Monument,,,False,,
Tangier,,Medina gate,Tangier,,pc_architecture/sanae:390071,Monument,,,False,,
Tangier,https://upload.wikimedia.org/wikipedia/commons/thumb/5/53/Kasbah_Bab_bhar_-_Tanger.jpg/200px-Kasbah_Bab_bhar_-_Tanger.jpg,Bab El Bhar (Tangier),Tangier,"35°47'20.429""N, 5°48'43.610""W",pc_architecture/sanae:390070,Monument,,,False,,
Tangier,https://upload.wikimedia.org/wikipedia/commons/thumb/0/09/Assilah_Waterfront2.jpg/200px-Assilah_Waterfront2.jpg,Asilah,Tangier-Assilah Prefecture,"35°28'N, 6°2'W",pc_architecture/sanae:280029,Monument,,,False,,
Taroudant,,Arazan synagogue,Taroudant,,pc_architecture/sanae:560021,Monument,,,False,,
Taroudant,https://upload.wikimedia.org/wikipedia/commons/thumb/0/07/%D8%B3%D9%88%D8%B1_%D8%AA%D8%A7%D8%B1%D9%88%D8%AF%D8%A7%D9%86%D8%AA_%D8%A7%D9%84%D8%B9%D8%B6%D9%8A%D9%85.jpg/200px-%D8%B3%D9%88%D8%B1_%D8%AA%D8%A7%D8%B1%D9%88%D8%AF%D8%A7%D9%86%D8%AA_%D8%A7%D9%84%D8%B9%D8%B6%D9%8A%D9%85.jpg,Rempart around Taroudant,Taroudant,"30°28'16.680""N, 8°52'16.993""W",pc_architecture/sanae:410014,Monument,,,False,,
Taroudant,,Agadir Oussaïs,Taroudant,,pc_architecture/sanae:010117,Monument,,,False,,
Taroudant,https://upload.wikimedia.org/wikipedia/commons/thumb/5/54/City_Wall_of_Taroudant_%28Morocco%29_5._September_2016_%2831723156244%29.jpg/200px-City_Wall_of_Taroudant_%28Morocco%29_5._September_2016_%2831723156244%29.jpg,Medina of Taroudant,Taroudant,"30°28'29.129""N, 8°52'52.381""W",pc_architecture/sanae:280019,Monument,,,False,,
Zagora,,Zaouia of Lmajdoub,Tamegroute,"30°20'1.540""N, 5°50'38.994""W",pc_architecture/cerkas:131,Monument,,,False,,
Zagora,,Beni Zouli Kasbah of Glaoui,Tamegroute,,pc_architecture/sanae:200011,Monument,,,False,,
Zagora,,Ksour of the zone Z27,Tamegroute,,pc_architecture/cerkas:z15,Monument,,,False,,
Zagora,,Ksar La Kaaba,Tamegroute,,pc_architecture/sanae:220095,Monument,,,False,,
